Unnamed: 0,track_name,album_name,key,mode,tempo,energy,danceability,duration_min,time_signature,valence,acousticness,instrumentalness,liveness,loudness,speechiness,release_date,album_id
0,Fortnight (feat. Post Malone),THE TORTURED POETS DEPARTMENT: THE ANTHOLOGY,B,Major,192.004,38.6,50.4,3.816083333333333,4/4,28.1,50.2,0.00153,9.61,-10.976,3.08,2024-04-19,5H7ixXZfsNMGbIE5OBSpcb
1,The Tortured Poets Department,THE TORTURED POETS DEPARTMENT: THE ANTHOLOGY,C,Major,110.259,42.8,60.4,4.884133333333334,4/4,29.2,4.83,0.0,12.6,-8.441,2.55,2024-04-19,5H7ixXZfsNMGbIE5OBSpcb
2,My Boy Only Breaks His Favorite Toys,THE TORTURED POETS DEPARTMENT: THE ANTHOLOGY,C,Major,97.073,56.3,59.6,3.3966833333333333,4/4,48.1,13.7,0.0,30.2,-7.362,2.69,2024-04-19,5H7ixXZfsNMGbIE5OBSpcb
3,Down Bad,THE TORTURED POETS DEPARTMENT: THE ANTHOLOGY,B,Major,159.707,36.6,54.1,4.3538,4/4,16.8,56.00000000000001,0.0001,9.46,-10.412,7.48,2024-04-19,5H7ixXZfsNMGbIE5OBSpcb
4,"So Long, London",THE TORTURED POETS DEPARTMENT: THE ANTHOLOGY,A,Major,160.218,53.3,42.3,4.382916666666667,4/4,24.8,73.0,0.264,8.16,-11.388,32.2,2024-04-19,5H7ixXZfsNMGbIE5OBSpcb
5,But Daddy I Love Him,THE TORTURED POETS DEPARTMENT: THE ANTHOLOGY,E,Major,79.943,72.0,52.1,5.6738,4/4,43.8,38.4,0.0,13.5,-7.684,10.4,2024-04-19,5H7ixXZfsNMGbIE5OBSpcb
6,Fresh Out The Slammer,THE TORTURED POETS DEPARTMENT: THE ANTHOLOGY,A,Major,87.115,48.3,33.0,3.51315,4/4,34.0,62.4,0.0,11.1,-9.394,3.99,2024-04-19,5H7ixXZfsNMGbIE5OBSpcb
7,Florida!!! (feat. Florence + The Machine),THE TORTURED POETS DEPARTMENT: THE ANTHOLOGY,C,Major,150.088,57.3,53.3,3.59105,4/4,39.8,17.8,0.0,30.9,-7.123,13.8,2024-04-19,5H7ixXZfsNMGbIE5OBSpcb
8,Guilty as Sin?,THE TORTURED POETS DEPARTMENT: THE ANTHOLOGY,D,Major,94.95,42.8,62.6,4.239433333333333,3/4,48.7,60.7,0.0,9.21,-8.374,2.6100000000000003,2024-04-19,5H7ixXZfsNMGbIE5OBSpcb
9,Who’s Afraid of Little Old Me?,THE TORTURED POETS DEPARTMENT: THE ANTHOLOGY,C,Major,119.88,33.800000000000004,60.6,5.568083333333333,4/4,23.8,31.5,0.0,10.6,-10.555,4.8,2024-04-19,5H7ixXZfsNMGbIE5OBSpcb
10,I Can Fix Him (No Really I Can),THE TORTURED POETS DEPARTMENT: THE ANTHOLOGY,F#,Minor,106.896,25.7,66.10000000000001,2.604966666666667,4/4,31.8,76.8,0.000172,17.599999999999998,-13.961,4.5,2024-04-19,5H7ixXZfsNMGbIE5OBSpcb
11,loml,THE TORTURED POETS DEPARTMENT: THE ANTHOLOGY,C,Major,78.539,27.200000000000003,42.3,4.619283333333334,3/4,19.5,85.8,0.0,10.8,-12.56,4.89,2024-04-19,5H7ixXZfsNMGbIE5OBSpcb
12,I Can Do It With a Broken Heart,THE TORTURED POETS DEPARTMENT: THE ANTHOLOGY,C,Major,129.994,75.1,70.1,3.6334166666666654,4/4,22.0,12.3,0.0,15.0,-8.39,5.0200000000000005,2024-04-19,5H7ixXZfsNMGbIE5OBSpcb
13,The Smallest Man Who Ever Lived,THE TORTURED POETS DEPARTMENT: THE ANTHOLOGY,Bb,Major,142.377,41.0,42.6,4.092366666666667,1/4,26.3,52.0,0.0,33.800000000000004,-9.083,5.81,2024-04-19,5H7ixXZfsNMGbIE5OBSpcb
14,The Alchemy,THE TORTURED POETS DEPARTMENT: THE ANTHOLOGY,C,Major,100.056,42.1,64.0,3.2816666666666667,4/4,35.3,42.2,0.0,10.3,-8.802,2.73,2024-04-19,5H7ixXZfsNMGbIE5OBSpcb
15,Clara Bow,THE TORTURED POETS DEPARTMENT: THE ANTHOLOGY,G,Major,104.088,31.8,68.60000000000001,3.611033333333333,4/4,21.4,63.6,0.144,10.6,-11.046,2.63,2024-04-19,5H7ixXZfsNMGbIE5OBSpcb
16,The Black Dog,THE TORTURED POETS DEPARTMENT: THE ANTHOLOGY,C,Major,154.042,27.0,52.7,3.98095,4/4,23.0,70.7,0.0,10.2,-10.855,3.8,2024-04-19,5H7ixXZfsNMGbIE5OBSpcb
17,imgonnagetyouback,THE TORTURED POETS DEPARTMENT: THE ANTHOLOGY,A,Major,110.007,39.1,78.4,3.7012,4/4,15.0,60.8,0.0,25.2,-9.471,6.329999999999999,2024-04-19,5H7ixXZfsNMGbIE5OBSpcb
18,The Albatross,THE TORTURED POETS DEPARTMENT: THE ANTHOLOGY,D,Major,172.013,47.9,35.2,3.06465,4/4,29.2,65.5,0.0,9.35,-8.942,5.83,2024-04-19,5H7ixXZfsNMGbIE5OBSpcb
19,Chloe or Sam or Sophia or Marcus,THE TORTURED POETS DEPARTMENT: THE ANTHOLOGY,C,Major,70.266,45.1,51.6,3.554683333333333,4/4,21.8,78.0,0.0,10.5,-8.552,4.46,2024-04-19,5H7ixXZfsNMGbIE5OBSpcb
20,Welcome To New York (Taylor's Version),1989 (Taylor's Version) [Deluxe],G,Major,116.989,60.2,76.0,3.543333333333333,4/4,68.5,0.661,0.0133,32.5,-4.871,3.16,2023-10-27,1o59UpKw81iHR0HPiSkJR0
21,Blank Space (Taylor's Version),1989 (Taylor's Version) [Deluxe],C,Major,96.035,71.89999999999999,73.2,3.863883333333333,4/4,71.0,9.01,0.0,33.1,-5.469,6.45,2023-10-27,1o59UpKw81iHR0HPiSkJR0
22,Style (Taylor's Version),1989 (Taylor's Version) [Deluxe],G,Major,94.884,82.1,51.4,3.85,4/4,29.8,0.0456,2.32,9.46,-4.803,4.44,2023-10-27,1o59UpKw81iHR0HPiSkJR0
23,Out Of The Woods (Taylor's Version),1989 (Taylor's Version) [Deluxe],G,Major,91.981,88.4,54.400000000000006,3.93,4/4,18.4,0.0466,0.0134,38.1,-5.973,3.83,2023-10-27,1o59UpKw81iHR0HPiSkJR0
24,All You Had To Do Was Stay (Taylor's Version),1989 (Taylor's Version) [Deluxe],C,Major,97.069,71.3,58.9,3.221483333333333,4/4,54.0,0.0778,0.0,18.8,-5.614,3.08,2023-10-27,1o59UpKw81iHR0HPiSkJR0
25,Shake It Off (Taylor's Version),1989 (Taylor's Version) [Deluxe],G,Major,160.052,80.5,63.2,3.653483333333333,4/4,90.3,1.12,0.00251,15.6,-5.707,6.9,2023-10-27,1o59UpKw81iHR0HPiSkJR0
26,I Wish You Would (Taylor's Version),1989 (Taylor's Version) [Deluxe],C,Major,118.032,85.3,67.10000000000001,3.460833333333333,4/4,52.3,0.388,0.000948,8.12,-6.568,4.17,2023-10-27,1o59UpKw81iHR0HPiSkJR0
27,Bad Blood (Taylor's Version),1989 (Taylor's Version) [Deluxe],G,Major,169.999,71.1,62.4,3.5184,4/4,34.7,3.69,0.000313,19.0,-6.347,15.9,2023-10-27,1o59UpKw81iHR0HPiSkJR0
28,Wildest Dreams (Taylor's Version),1989 (Taylor's Version) [Deluxe],Ab,Major,139.993,66.3,58.7,3.673883333333333,4/4,53.900000000000006,3.4799999999999995,0.00995,9.71,-7.439,5.98,2023-10-27,1o59UpKw81iHR0HPiSkJR0
29,How You Get The Girl (Taylor's Version),1989 (Taylor's Version) [Deluxe],F,Major,120.014,67.0,76.1,4.12555,4/4,51.9,0.198,0.00108,8.73,-5.956,5.37,2023-10-27,1o59UpKw81iHR0HPiSkJR0
30,This Love (Taylor’s Version),1989 (Taylor's Version) [Deluxe],E,Major,144.039,49.4,47.0,4.168333333333333,4/4,5.24,30.2,0.0,6.72,-8.672,3.49,2023-10-27,1o59UpKw81iHR0HPiSkJR0
31,I Know Places (Taylor's Version),1989 (Taylor's Version) [Deluxe],C,Major,160.015,80.7,57.2,3.2616666666666667,4/4,62.6,8.459999999999999,0.0,7.1,-5.348,5.74,2023-10-27,1o59UpKw81iHR0HPiSkJR0
32,Clean (Taylor's Version),1989 (Taylor's Version) [Deluxe],E,Major,103.99,37.9,78.2,4.516666666666667,4/4,26.700000000000003,29.7,0.00298,10.3,-8.964,3.03,2023-10-27,1o59UpKw81iHR0HPiSkJR0
33,Wonderland (Taylor's Version),1989 (Taylor's Version) [Deluxe],Eb,Major,123.18,70.3,38.7,4.092783333333333,5/4,32.0,1.05,0.0011,12.8,-5.956,5.45,2023-10-27,1o59UpKw81iHR0HPiSkJR0
34,You Are In Love (Taylor's Version),1989 (Taylor's Version) [Deluxe],D,Major,85.079,50.9,55.400000000000006,4.456483333333333,4/4,40.1,57.2,0.000208,11.3,-9.403,4.55,2023-10-27,1o59UpKw81iHR0HPiSkJR0
35,New Romantics (Taylor's Version),1989 (Taylor's Version) [Deluxe],F,Major,122.017,84.8,65.3,3.8363,4/4,72.39999999999999,0.516,0.000424,7.979999999999999,-5.936,5.83,2023-10-27,1o59UpKw81iHR0HPiSkJR0
36,"""Slut!"" (Taylor's Version) (From The Vault)",1989 (Taylor's Version) [Deluxe],D,Major,77.978,41.5,62.1,3.00635,4/4,31.3,33.0,0.0112,6.34,-13.187,5.43,2023-10-27,1o59UpKw81iHR0HPiSkJR0
37,Say Don't Go (Taylor's Version) (From The Vault),1989 (Taylor's Version) [Deluxe],E,Major,109.962,53.900000000000006,63.2,4.663883333333334,4/4,18.6,6.84,0.000582,13.2,-8.375,3.42,2023-10-27,1o59UpKw81iHR0HPiSkJR0
38,Now That We Don't Talk (Taylor's Version) (From The Vault),1989 (Taylor's Version) [Deluxe],C,Major,109.994,50.9,80.0,2.4406166666666667,4/4,7.68,16.0,0.0030499999999999,8.34,-9.386,3.4000000000000004,2023-10-27,1o59UpKw81iHR0HPiSkJR0
39,Suburban Legends (Taylor's Version) (From The Vault),1989 (Taylor's Version) [Deluxe],C,Major,118.043,60.7,69.5,2.86365,4/4,39.4,21.2,0.0,10.2,-8.84,3.5700000000000003,2023-10-27,1o59UpKw81iHR0HPiSkJR0
40,Mine (Taylor's Version),Speak Now (Taylor's Version),G,Major,121.101,79.3,64.7,3.861783333333333,4/4,50.0,0.314,0.000193,17.4,-2.903,3.63,2023-07-07,5AEDGbliTTfjOB8TSm1sxt
41,Sparks Fly (Taylor’s Version),Speak Now (Taylor's Version),F,Major,114.921,76.9,60.5,4.35385,4/4,36.6,2.41,0.0,9.36,-2.413,3.2,2023-07-07,5AEDGbliTTfjOB8TSm1sxt
42,Back To December (Taylor's Version),Speak Now (Taylor's Version),D,Major,141.868,63.5,48.6,4.9031666666666665,4/4,23.5,0.705,0.0,11.9,-3.994,2.78,2023-07-07,5AEDGbliTTfjOB8TSm1sxt
43,Speak Now (Taylor's Version),Speak Now (Taylor's Version),G,Major,119.002,68.60000000000001,73.4,4.041216666666666,4/4,59.8,22.5,0.0,13.6,-2.926,3.49,2023-07-07,5AEDGbliTTfjOB8TSm1sxt
44,Dear John (Taylor's Version),Speak Now (Taylor's Version),E,Major,119.447,46.8,37.9,6.765116666666667,3/4,11.5,3.27,0.0,15.8,-5.07,2.98,2023-07-07,5AEDGbliTTfjOB8TSm1sxt
45,Mean (Taylor's Version),Speak Now (Taylor's Version),E,Major,163.949,70.0,52.6,3.9782166666666665,4/4,59.6,32.1,0.0,21.3,-3.95,3.92,2023-07-07,5AEDGbliTTfjOB8TSm1sxt
46,The Story Of Us (Taylor's Version),Speak Now (Taylor's Version),E,Major,139.787,78.4,51.6,4.460883333333333,4/4,55.2,0.136,0.0,4.99,-2.636,5.63,2023-07-07,5AEDGbliTTfjOB8TSm1sxt
47,Never Grow Up (Taylor's Version),Speak Now (Taylor's Version),D,Major,125.054,33.900000000000006,68.4,4.882,4/4,57.2,86.7,0.0,19.4,-7.259,2.9000000000000004,2023-07-07,5AEDGbliTTfjOB8TSm1sxt
48,Enchanted (Taylor's Version),Speak Now (Taylor's Version),Ab,Major,81.949,55.3,52.0,5.88755,4/4,22.7,1.6,0.0,16.5,-3.546,2.69,2023-07-07,5AEDGbliTTfjOB8TSm1sxt
49,Better Than Revenge (Taylor's Version),Speak Now (Taylor's Version),B,Minor,145.913,89.3,50.5,3.671783333333333,4/4,65.9,0.0795,0.0,17.8,-3.013,7.71,2023-07-07,5AEDGbliTTfjOB8TSm1sxt
50,Innocent (Taylor's Version),Speak Now (Taylor's Version),C#,Minor,133.583,61.1,52.400000000000006,5.020366666666667,4/4,12.6,9.72,0.0,12.7,-5.298,2.97,2023-07-07,5AEDGbliTTfjOB8TSm1sxt
51,Haunted (Taylor's Version),Speak Now (Taylor's Version),F,Major,162.025,91.6,44.0,4.090216666666667,4/4,37.1,0.5519999999999999,0.0,25.2,-1.927,6.29,2023-07-07,5AEDGbliTTfjOB8TSm1sxt
52,Last Kiss (Taylor's Version),Speak Now (Taylor's Version),Bb,Major,79.573,36.2,55.7,6.152,3/4,18.7,44.3,0.000357,10.0,-8.641,2.63,2023-07-07,5AEDGbliTTfjOB8TSm1sxt
53,Long Live (Taylor's Version),Speak Now (Taylor's Version),C,Major,203.826,62.8,38.0,5.299333333333333,4/4,9.84,1.62,0.0,22.7,-4.054,3.8,2023-07-07,5AEDGbliTTfjOB8TSm1sxt
54,Ours (Taylor’s Version),Speak Now (Taylor's Version),C,Major,159.824,47.5,53.900000000000006,3.93005,4/4,29.3,42.0,0.0,10.9,-8.411,2.87,2023-07-07,5AEDGbliTTfjOB8TSm1sxt
55,Superman (Taylor’s Version),Speak Now (Taylor's Version),G,Major,131.898,73.3,53.7,4.582416666666667,4/4,34.7,0.207,0.0,11.0,-3.506,3.02,2023-07-07,5AEDGbliTTfjOB8TSm1sxt
56,Electric Touch (feat. Fall Out Boy) (Taylor’s Version) (From The Vault),Speak Now (Taylor's Version),G,Major,131.068,85.39999999999999,54.7,4.441116666666667,4/4,26.0,1.7999999999999998,0.0,15.6,-4.753,5.26,2023-07-07,5AEDGbliTTfjOB8TSm1sxt
57,When Emma Falls in Love (Taylor’s Version) (From The Vault),Speak Now (Taylor's Version),D,Major,77.879,75.9,52.400000000000006,4.206433333333333,4/4,23.4,16.8,0.0,10.4,-4.714,4.71,2023-07-07,5AEDGbliTTfjOB8TSm1sxt
58,I Can See You (Taylor’s Version) (From The Vault),Speak Now (Taylor's Version),F#,Major,123.054,76.8,69.5,4.5531,4/4,81.3,5.7700000000000005,0.0,4.26,-4.883,3.44,2023-07-07,5AEDGbliTTfjOB8TSm1sxt
59,Castles Crumbling (feat. Hayley Williams) (Taylor’s Version) (From The Vault),Speak Now (Taylor's Version),G,Major,147.781,56.49999999999999,57.8,5.1010333333333335,4/4,35.099999999999994,34.2,0.0,6.619999999999999,-8.064,4.41,2023-07-07,5AEDGbliTTfjOB8TSm1sxt
60,Lavender Haze,Midnights (The Til Dawn Edition),G,Minor,97.05,44.9,73.5,3.373266666666667,4/4,9.55,23.0,0.126,13.2,-10.56,8.83,2023-05-26,1fnJ7k0bllNfL1kVdNVW1A
61,Maroon,Midnights (The Til Dawn Edition),G,Major,108.058,38.4,65.5,3.63785,4/4,3.84,6.34,0.000145,9.73,-8.29,3.49,2023-05-26,1fnJ7k0bllNfL1kVdNVW1A
62,Anti-Hero,Midnights (The Til Dawn Edition),E,Major,96.888,64.8,63.3,3.3448333333333333,4/4,49.0,12.1,0.0002619999999999,16.1,-6.645,6.2,2023-05-26,1fnJ7k0bllNfL1kVdNVW1A
63,Snow On The Beach (feat. Lana Del Rey),Midnights (The Til Dawn Edition),A,Major,110.021,32.1,66.3,4.2687333333333335,4/4,15.3,70.1,0.0598,10.7,-13.527,4.09,2023-05-26,1fnJ7k0bllNfL1kVdNVW1A
64,"You're On Your Own, Kid",Midnights (The Til Dawn Edition),D,Major,120.032,39.0,69.6,3.2367833333333333,4/4,39.5,44.7,0.00155,12.5,-10.331,6.16,2023-05-26,1fnJ7k0bllNfL1kVdNVW1A
65,Midnight Rain,Midnights (The Til Dawn Edition),C,Major,137.651,37.5,60.4,2.91305,4/4,20.3,71.0,0.0058699999999999,11.6,-11.637,6.329999999999999,2023-05-26,1fnJ7k0bllNfL1kVdNVW1A
66,Question...?,Midnights (The Til Dawn Edition),G,Major,108.874,51.0,65.4,3.5092833333333333,4/4,10.5,20.6,0.0,24.9,-8.767,24.2,2023-05-26,1fnJ7k0bllNfL1kVdNVW1A
67,Vigilante Shit,Midnights (The Til Dawn Edition),E,Minor,79.964,26.700000000000003,87.2,2.7466833333333334,4/4,16.8,16.6,0.00218,12.3,-10.764,38.7,2023-05-26,1fnJ7k0bllNfL1kVdNVW1A
68,Bejeweled,Midnights (The Til Dawn Edition),G,Major,163.994,55.1,68.7,3.2361,4/4,44.3,5.93,0.0143,9.0,-9.202,7.870000000000001,2023-05-26,1fnJ7k0bllNfL1kVdNVW1A
69,Labyrinth,Midnights (The Til Dawn Edition),C,Major,110.018,29.5,48.0,4.1327,4/4,13.2,79.7,33.300000000000004,12.0,-15.512,3.84,2023-05-26,1fnJ7k0bllNfL1kVdNVW1A
70,Karma,Midnights (The Til Dawn Edition),Ab,Major,90.008,61.9,64.0,3.4142,4/4,12.1,6.2,0.0,47.5,-7.108,6.5,2023-05-26,1fnJ7k0bllNfL1kVdNVW1A
71,Sweet Nothing,Midnights (The Til Dawn Edition),C,Major,176.48,16.1,33.6,3.1416166666666667,4/4,40.7,96.8,0.011,11.5,-14.973,4.5600000000000005,2023-05-26,1fnJ7k0bllNfL1kVdNVW1A
72,Mastermind,Midnights (The Til Dawn Edition),E,Major,125.96,34.300000000000004,66.0,3.1839833333333334,4/4,13.7,56.49999999999999,0.134,9.22,-14.132,14.000000000000002,2023-05-26,1fnJ7k0bllNfL1kVdNVW1A
73,The Great War,Midnights (The Til Dawn Edition),F,Major,96.016,74.7,56.99999999999999,4.005933333333333,4/4,57.4,19.9,0.00232,8.540000000000001,-8.93,3.42,2023-05-26,1fnJ7k0bllNfL1kVdNVW1A
74,Bigger Than The Whole Sky,Midnights (The Til Dawn Edition),F#,Major,165.564,22.0,42.0,3.6417166666666665,4/4,7.049999999999999,84.1,0.131,11.4,-12.584,4.72,2023-05-26,1fnJ7k0bllNfL1kVdNVW1A
75,Paris,Midnights (The Til Dawn Edition),G,Major,110.94,51.8,70.3,3.270983333333333,4/4,34.7,10.3,0.00289,14.8,-10.501,8.5,2023-05-26,1fnJ7k0bllNfL1kVdNVW1A
76,High Infidelity,Midnights (The Til Dawn Edition),Bb,Major,175.933,54.7,57.1,3.857916666666666,4/4,76.8,70.39999999999999,0.0,8.77,-10.141,10.1,2023-05-26,1fnJ7k0bllNfL1kVdNVW1A
77,Glitch,Midnights (The Til Dawn Edition),B,Minor,140.881,47.0,67.7,2.479683333333333,4/4,34.7,31.4,0.0,11.0,-9.65,25.9,2023-05-26,1fnJ7k0bllNfL1kVdNVW1A
78,"Would've, Could've, Should've",Midnights (The Til Dawn Edition),C,Major,157.918,84.6,48.5,4.339366666666667,4/4,54.8,39.3,0.1149999999999999,12.4,-6.557,11.7,2023-05-26,1fnJ7k0bllNfL1kVdNVW1A
79,Dear Reader,Midnights (The Til Dawn Edition),C,Major,107.891,39.0,67.4,3.753233333333333,4/4,15.1,46.400000000000006,0.122,11.6,-11.944,4.83,2023-05-26,1fnJ7k0bllNfL1kVdNVW1A
80,State Of Grace (Taylor's Version),Red (Taylor's Version),A,Major,129.958,71.3,59.4,4.92355,4/4,32.800000000000004,0.0328,0.0,11.4,-5.314,5.029999999999999,2021-11-12,6kZ42qRrzov54LcAk4onW9
81,Red (Taylor's Version),Red (Taylor's Version),C#,Minor,125.047,77.7,51.6,3.7182166666666654,4/4,40.8,0.108,0.000162,7.61,-4.908,3.75,2021-11-12,6kZ42qRrzov54LcAk4onW9
82,Treacherous (Taylor's Version),Red (Taylor's Version),D,Major,109.984,59.3,64.5,4.045333333333334,4/4,29.9,3.44,0.0127,13.0,-6.506,2.88,2021-11-12,6kZ42qRrzov54LcAk4onW9
83,I Knew You Were Trouble (Taylor's Version),Red (Taylor's Version),F#,Major,154.008,55.7,58.4,3.6626666666666665,4/4,76.7,1.29,0.0,5.76,-6.371,3.42,2021-11-12,6kZ42qRrzov54LcAk4onW9
84,All Too Well (Taylor's Version),Red (Taylor's Version),C,Major,185.972,52.8,44.0,5.486,4/4,13.2,1.71,0.203,23.4,-7.809,3.17,2021-11-12,6kZ42qRrzov54LcAk4onW9
85,22 (Taylor's Version),Red (Taylor's Version),G,Major,103.984,69.5,64.2,3.8493333333333335,4/4,64.2,0.0443,0.00102,7.53,-5.62,2.81,2021-11-12,6kZ42qRrzov54LcAk4onW9
86,I Almost Do (Taylor's Version),Red (Taylor's Version),E,Major,145.88,55.900000000000006,51.1,4.07645,4/4,24.8,1.67,0.0,11.3,-6.587,2.64,2021-11-12,6kZ42qRrzov54LcAk4onW9
87,We Are Never Ever Getting Back Together (Taylor's Version),Red (Taylor's Version),G,Major,172.014,68.60000000000001,56.7,3.219116666666667,4/4,71.6,3.17,0.000186,7.32,-6.139,17.5,2021-11-12,6kZ42qRrzov54LcAk4onW9
88,Stay Stay Stay (Taylor's Version),Red (Taylor's Version),C,Major,100.02,68.10000000000001,69.3,3.4297833333333334,4/4,66.3,8.48,0.0,7.68,-7.039,2.5,2021-11-12,6kZ42qRrzov54LcAk4onW9
89,The Last Time (feat. Gary Lightbody of Snow Patrol) (Taylor’s Version),Red (Taylor's Version),D,Major,94.05,53.400000000000006,50.2,4.984666666666667,4/4,15.5,3.99,0.0,9.77,-5.954,2.78,2021-11-12,6kZ42qRrzov54LcAk4onW9
90,Holy Ground (Taylor's Version),Red (Taylor's Version),A,Major,156.894,80.9,62.2,3.3826666666666667,4/4,51.1,2.88,0.218,10.9,-5.623,6.38,2021-11-12,6kZ42qRrzov54LcAk4onW9
91,Sad Beautiful Tragic (Taylor's Version),Red (Taylor's Version),G,Major,130.059,40.6,60.1,4.746216666666666,3/4,23.200000000000003,62.2,0.00919,13.3,-11.827,2.75,2021-11-12,6kZ42qRrzov54LcAk4onW9
92,The Lucky One (Taylor's Version),Red (Taylor's Version),E,Major,117.889,57.1,68.60000000000001,4.007783333333333,4/4,53.8,6.6000000000000005,0.0,6.08,-7.138,5.0,2021-11-12,6kZ42qRrzov54LcAk4onW9
93,Everything Has Changed (feat. Ed Sheeran) (Taylor’s Version),Red (Taylor's Version),F#,Major,79.918,61.0,49.8,4.09045,4/4,47.4,27.1,0.0,22.3,-5.098,3.63,2021-11-12,6kZ42qRrzov54LcAk4onW9
94,Starlight (Taylor's Version),Red (Taylor's Version),E,Major,126.014,68.5,62.8,3.67355,4/4,60.5,0.3239999999999999,0.0,18.0,-5.864,3.58,2021-11-12,6kZ42qRrzov54LcAk4onW9
95,Begin Again (Taylor's Version),Red (Taylor's Version),G,Major,78.915,52.7,51.9,3.981116666666667,4/4,26.700000000000003,7.5,0.0,13.2,-7.673,2.74,2021-11-12,6kZ42qRrzov54LcAk4onW9
96,The Moment I Knew (Taylor's Version),Red (Taylor's Version),G,Major,125.952,40.2,63.6,4.754666666666667,4/4,20.8,4.94,0.0,10.7,-7.855,3.1,2021-11-12,6kZ42qRrzov54LcAk4onW9
97,Come Back...Be Here (Taylor's Version),Red (Taylor's Version),E,Major,79.846,63.2,46.0,3.7222166666666654,4/4,39.900000000000006,1.58,0.0,8.219999999999999,-6.031,3.02,2021-11-12,6kZ42qRrzov54LcAk4onW9
98,Girl At Home (Taylor's Version),Red (Taylor's Version),F,Major,125.089,73.6,69.1,3.675333333333333,4/4,61.2,0.955,0.00188,10.1,-6.974,3.26,2021-11-12,6kZ42qRrzov54LcAk4onW9
99,Fearless (Taylor’s Version),Fearless (Taylor's Version),F,Major,100.118,74.1,56.89999999999999,4.026533333333333,4/4,43.0,1.22,0.0,33.300000000000004,-4.963,2.82,2021-04-09,4hDok0OAJd57SGIT8xuWJH
100,Fifteen (Taylor’s Version),Fearless (Taylor's Version),G,Major,95.466,64.60000000000001,55.900000000000006,4.906983333333334,4/4,28.9,11.6,0.0,32.0,-4.61,2.72,2021-04-09,4hDok0OAJd57SGIT8xuWJH
101,Love Story (Taylor’s Version),Fearless (Taylor's Version),D,Major,119.054,79.2,62.7,3.92945,4/4,41.5,13.0,0.000397,8.450000000000001,-4.311,3.1,2021-04-09,4hDok0OAJd57SGIT8xuWJH
102,Hey Stephen (Taylor’s Version),Fearless (Taylor's Version),F#,Major,115.99,57.1,78.8,4.237583333333333,4/4,79.7,10.6,0.0,9.34,-6.135,2.96,2021-04-09,4hDok0OAJd57SGIT8xuWJH
103,White Horse (Taylor’s Version),Fearless (Taylor's Version),C,Major,185.262,51.7,42.3,3.9086,4/4,36.6,36.9,0.0,17.7,-7.377,4.859999999999999,2021-04-09,4hDok0OAJd57SGIT8xuWJH
104,You Belong With Me (Taylor’s Version),Fearless (Taylor's Version),F#,Major,130.033,77.3,63.2,3.8520666666666665,4/4,47.4,6.23,0.0,8.85,-4.856,3.46,2021-04-09,4hDok0OAJd57SGIT8xuWJH
105,Breathe (feat. Colbie Caillat) (Taylor’s Version),Fearless (Taylor's Version),C#,Major,148.035,62.6,50.6,4.389616666666667,4/4,32.1,15.6,0.0,22.8,-6.066,2.87,2021-04-09,4hDok0OAJd57SGIT8xuWJH
106,Tell Me Why (Taylor’s Version),Fearless (Taylor's Version),G,Major,100.023,90.9,57.8,3.3429333333333333,4/4,54.1,2.22,0.0,33.300000000000004,-3.669,6.279999999999999,2021-04-09,4hDok0OAJd57SGIT8xuWJH
107,You’re Not Sorry (Taylor’s Version),Fearless (Taylor's Version),F#,Major,133.873,44.4,50.6,4.36405,4/4,24.1,5.38,0.0,12.3,-4.99,2.85,2021-04-09,4hDok0OAJd57SGIT8xuWJH
108,The Way I Loved You (Taylor’s Version),Fearless (Taylor's Version),F,Major,161.032,73.2,40.2,4.0522833333333335,4/4,47.2,0.33,0.0,10.8,-4.665,4.84,2021-04-09,4hDok0OAJd57SGIT8xuWJH
109,Forever & Always (Taylor’s Version),Fearless (Taylor's Version),Bb,Major,128.03,82.1,59.8,3.7554666666666665,4/4,67.30000000000001,2.31,0.0,14.3,-4.433,4.47,2021-04-09,4hDok0OAJd57SGIT8xuWJH
110,The Best Day (Taylor’s Version),Fearless (Taylor's Version),C#,Major,125.0,57.6,64.2,4.088166666666667,4/4,46.9,48.8,0.0,15.9,-8.524,2.82,2021-04-09,4hDok0OAJd57SGIT8xuWJH
111,Change (Taylor’s Version),Fearless (Taylor's Version),F,Major,95.999,81.5,49.9,4.656,4/4,34.4,0.0191,0.0,18.1,-4.063,3.41,2021-04-09,4hDok0OAJd57SGIT8xuWJH
112,Jump Then Fall (Taylor’s Version),Fearless (Taylor's Version),D,Major,160.111,69.0,57.2,3.959666666666666,4/4,62.4,4.74,0.0,8.97,-6.201,3.58,2021-04-09,4hDok0OAJd57SGIT8xuWJH
113,Untouchable (Taylor’s Version),Fearless (Taylor's Version),F,Major,200.391,53.1,39.3,5.201783333333333,4/4,22.4,1.81,0.0,16.900000000000002,-6.112,3.29,2021-04-09,4hDok0OAJd57SGIT8xuWJH
114,Come In With The Rain (Taylor’s Version),Fearless (Taylor's Version),D,Major,143.929,56.39999999999999,47.6,3.95565,4/4,16.7,4.06,0.0,10.2,-5.677,2.69,2021-04-09,4hDok0OAJd57SGIT8xuWJH
115,Superstar (Taylor’s Version),Fearless (Taylor's Version),D,Major,171.862,55.50000000000001,45.4,4.39775,4/4,17.1,15.7,0.0,34.300000000000004,-6.69,2.83,2021-04-09,4hDok0OAJd57SGIT8xuWJH
116,The Other Side Of The Door (Taylor’s Version),Fearless (Taylor's Version),E,Major,163.936,87.3,43.2,3.974066666666667,4/4,62.9,2.79,0.0,16.7,-4.367,5.7700000000000005,2021-04-09,4hDok0OAJd57SGIT8xuWJH
117,Today Was A Fairytale (Taylor’s Version),Fearless (Taylor's Version),G,Major,158.162,77.9,48.2,4.030366666666667,4/4,32.800000000000004,1.35,0.0,29.6,-5.025,4.09,2021-04-09,4hDok0OAJd57SGIT8xuWJH
118,willow,evermore (deluxe version),G,Major,81.112,57.4,39.2,3.57845,4/4,52.900000000000006,83.3,0.179,14.499999999999998,-9.195,17.0,2021-01-07,6AORtDjduMM3bupSWzbTSG
119,champagne problems,evermore (deluxe version),C,Major,171.319,24.0,46.2,4.066666666666666,4/4,32.0,92.0,0.0,11.3,-12.077,3.77,2021-01-07,6AORtDjduMM3bupSWzbTSG
120,gold rush,evermore (deluxe version),A,Major,112.05,46.2,51.2,3.0886666666666667,4/4,35.3,83.0,16.6,12.1,-10.491,4.08,2021-01-07,6AORtDjduMM3bupSWzbTSG
121,‘tis the damn season,evermore (deluxe version),F,Major,145.916,43.4,57.49999999999999,3.830666666666666,4/4,34.8,73.5,0.00659,10.5,-8.193,3.12,2021-01-07,6AORtDjduMM3bupSWzbTSG
122,tolerate it,evermore (deluxe version),A,Major,74.952,36.1,31.6,4.0906666666666665,5/4,22.1,87.8,0.0026699999999999,7.969999999999999,-10.381,4.88,2021-01-07,6AORtDjduMM3bupSWzbTSG
123,"no body, no crime (feat. HAIM)",evermore (deluxe version),G,Minor,79.015,61.3,54.6,3.5937833333333336,4/4,53.5,41.8,0.0,10.3,-7.589,2.64,2021-01-07,6AORtDjduMM3bupSWzbTSG
124,happiness,evermore (deluxe version),B,Major,122.079,33.4,55.900000000000006,5.25245,4/4,21.1,87.0,0.0,11.4,-10.733,3.76,2021-01-07,6AORtDjduMM3bupSWzbTSG
125,dorothea,evermore (deluxe version),E,Major,119.966,48.8,60.5,3.764666666666667,4/4,35.4,69.6,0.0,12.9,-8.322,2.64,2021-01-07,6AORtDjduMM3bupSWzbTSG
126,coney island (feat. The National),evermore (deluxe version),Ab,Major,107.895,53.7,53.7,4.588666666666667,4/4,29.2,81.89999999999999,0.0904,14.2,-11.266,6.17,2021-01-07,6AORtDjduMM3bupSWzbTSG
127,ivy,evermore (deluxe version),D,Major,88.856,54.50000000000001,51.5,4.3406666666666665,4/4,53.5,85.5,0.00197,9.21,-9.277,3.53,2021-01-07,6AORtDjduMM3bupSWzbTSG
128,cowboy like me,evermore (deluxe version),C,Major,127.967,51.7,60.4,4.584,4/4,51.1,76.8,0.0155,12.3,-9.014,3.47,2021-01-07,6AORtDjduMM3bupSWzbTSG
129,long story short,evermore (deluxe version),C,Major,157.895,73.0,54.6,3.5986666666666665,4/4,57.3,66.0,17.9,9.72,-7.704,4.17,2021-01-07,6AORtDjduMM3bupSWzbTSG
130,marjorie,evermore (deluxe version),F,Major,96.103,56.10000000000001,53.5,4.296216666666667,4/4,28.7,87.6,0.0136,11.5,-11.609,4.84,2021-01-07,6AORtDjduMM3bupSWzbTSG
131,closure,evermore (deluxe version),A,Major,151.884,70.39999999999999,68.89999999999999,3.010883333333333,5/4,92.0,83.5,0.000483,13.4,-10.813,24.5,2021-01-07,6AORtDjduMM3bupSWzbTSG
132,evermore (feat. Bon Iver),evermore (deluxe version),C#,Major,125.177,27.0,39.0,5.06845,5/4,32.0,93.7,0.2269999999999999,11.1,-10.673,3.08,2021-01-07,6AORtDjduMM3bupSWzbTSG
133,right where you left me - bonus track,evermore (deluxe version),Bb,Major,137.915,61.9,58.1,4.083783333333334,4/4,64.5,76.9,0.0106,11.7,-6.524,2.82,2021-01-07,6AORtDjduMM3bupSWzbTSG
134,it’s time to go - bonus track,evermore (deluxe version),C,Major,151.923,41.0,59.2,4.244,4/4,41.6,80.10000000000001,0.00139,9.0,-12.426,3.97,2021-01-07,6AORtDjduMM3bupSWzbTSG
135,the 1,folklore (deluxe version),C,Major,139.902,36.1,78.0,3.504,4/4,16.3,75.0,0.000714,10.8,-6.942,4.8,2020-08-18,1pzvBxYgT6OVwJLtHkrdQK
136,cardigan,folklore (deluxe version),C,Minor,130.045,57.99999999999999,61.2,3.9926666666666666,4/4,53.400000000000006,52.5,0.0414,26.0,-8.572,4.19,2020-08-18,1pzvBxYgT6OVwJLtHkrdQK
137,the last great american dynasty,folklore (deluxe version),G,Major,147.991,65.3,68.8,3.85,4/4,70.1,48.1,0.414,10.6,-8.558,4.03,2020-08-18,1pzvBxYgT6OVwJLtHkrdQK
138,exile (feat. Bon Iver),folklore (deluxe version),F#,Major,75.938,37.4,31.0,4.760666666666666,4/4,16.0,76.1,0.00246,11.0,-8.464,2.75,2020-08-18,1pzvBxYgT6OVwJLtHkrdQK
139,my tears ricochet,folklore (deluxe version),C,Major,129.947,26.5,45.6,4.264883333333334,4/4,11.2,81.39999999999999,0.0,6.79,-10.663,3.28,2020-08-18,1pzvBxYgT6OVwJLtHkrdQK
140,mirrorball,folklore (deluxe version),G,Major,110.137,41.7,54.900000000000006,3.4828833333333336,4/4,34.7,68.60000000000001,0.00019,6.04,-10.064,3.5000000000000004,2020-08-18,1pzvBxYgT6OVwJLtHkrdQK
141,seven,folklore (deluxe version),E,Major,94.955,49.4,60.2,3.481783333333333,4/4,37.4,88.8,0.00259,9.02,-10.813,2.77,2020-08-18,1pzvBxYgT6OVwJLtHkrdQK
142,august,folklore (deluxe version),F,Major,89.567,63.4,38.7,4.365333333333333,4/4,42.0,55.3,0.00693,9.31,-9.222,3.63,2020-08-18,1pzvBxYgT6OVwJLtHkrdQK
143,this is me trying,folklore (deluxe version),A,Major,135.882,47.8,51.1,3.251783333333333,4/4,40.8,31.2,0.0023,14.7,-9.837,3.22,2020-08-18,1pzvBxYgT6OVwJLtHkrdQK
144,illicit affairs,folklore (deluxe version),Bb,Major,119.58,30.4,52.900000000000006,3.18155,4/4,44.0,86.2,0.0,10.8,-10.567,3.56,2020-08-18,1pzvBxYgT6OVwJLtHkrdQK
145,invisible string,folklore (deluxe version),E,Minor,83.455,45.9,65.10000000000001,4.214666666666667,4/4,45.4,85.9,0.00663,10.5,-11.128,5.07,2020-08-18,1pzvBxYgT6OVwJLtHkrdQK
146,mad woman,folklore (deluxe version),Eb,Major,141.898,70.0,59.3,3.95445,4/4,45.1,67.0,0.000677,11.6,-9.016,4.92,2020-08-18,1pzvBxYgT6OVwJLtHkrdQK
147,epiphany,folklore (deluxe version),C#,Major,93.933,25.4,31.7,4.829116666666667,4/4,10.3,72.7,0.0326,8.67,-13.679,2.86,2020-08-18,1pzvBxYgT6OVwJLtHkrdQK
148,betty,folklore (deluxe version),C,Major,95.946,37.6,59.5,4.908666666666667,4/4,47.6,58.9,0.0,9.89,-8.767,2.56,2020-08-18,1pzvBxYgT6OVwJLtHkrdQK
149,peace,folklore (deluxe version),F,Major,150.072,28.4,64.4,3.9,4/4,32.800000000000004,91.6,0.0015,9.09,-12.879,8.21,2020-08-18,1pzvBxYgT6OVwJLtHkrdQK
150,hoax,folklore (deluxe version),Ab,Major,118.84,17.8,67.60000000000001,3.667333333333333,4/4,40.400000000000006,96.4,0.00079,13.5,-15.01,3.94,2020-08-18,1pzvBxYgT6OVwJLtHkrdQK
151,the lakes - bonus track,folklore (deluxe version),D,Major,179.947,25.8,31.3,3.5302166666666666,4/4,26.8,84.2,0.00013,9.48,-11.532,3.83,2020-08-18,1pzvBxYgT6OVwJLtHkrdQK
152,I Forgot That You Existed,Lover,F,Major,92.875,31.6,66.4,2.844,4/4,54.1,29.8,0.000203,8.12,-10.345,51.9,2019-08-23,1NAmidJlEaVgA3MpcPFYGq
153,Cruel Summer,Lover,A,Major,169.994,70.19999999999999,55.2,2.973783333333333,4/4,56.39999999999999,11.7,0.0020599999999999,10.5,-5.707,15.7,2019-08-23,1NAmidJlEaVgA3MpcPFYGq
154,Lover,Lover,G,Major,68.534,54.3,35.9,3.68845,4/4,45.3,49.2,0.00158,11.8,-7.582,9.19,2019-08-23,1NAmidJlEaVgA3MpcPFYGq
155,The Man,Lover,C,Major,110.048,65.8,77.7,3.1726666666666667,4/4,63.3,7.670000000000001,0.0,9.01,-5.191,5.4,2019-08-23,1NAmidJlEaVgA3MpcPFYGq
156,The Archer,Lover,C,Major,124.344,57.4,29.2,3.5206666666666666,4/4,16.6,12.0,0.569,6.63,-9.375,4.01,2019-08-23,1NAmidJlEaVgA3MpcPFYGq
157,I Think He Knows,Lover,C,Major,100.003,36.6,89.7,2.8897833333333334,4/4,41.6,0.889,0.0353,7.15,-8.029,5.69,2019-08-23,1NAmidJlEaVgA3MpcPFYGq
158,Miss Americana & The Heartbreak Prince,Lover,B,Minor,150.088,74.7,66.2,3.90245,4/4,48.7,2.8000000000000003,0.615,13.8,-6.926,7.359999999999999,2019-08-23,1NAmidJlEaVgA3MpcPFYGq
159,Paper Rings,Lover,A,Major,103.979,71.89999999999999,81.10000000000001,3.7066666666666666,4/4,86.5,1.29,0.00136,7.42,-6.553,4.97,2019-08-23,1NAmidJlEaVgA3MpcPFYGq
160,Cornelia Street,Lover,C,Major,102.012,62.4,82.39999999999999,4.7877833333333335,4/4,24.8,78.10000000000001,0.0189,10.0,-9.728,8.27,2019-08-23,1NAmidJlEaVgA3MpcPFYGq
161,Death By A Thousand Cuts,Lover,E,Major,94.071,73.2,71.2,3.308883333333333,4/4,31.3,45.4,0.0,31.9,-6.754,6.29,2019-08-23,1NAmidJlEaVgA3MpcPFYGq
162,London Boy,Lover,C#,Major,157.925,71.0,69.5,3.1706666666666665,4/4,55.7,2.46,0.0104,13.3,-6.639,5.0,2019-08-23,1NAmidJlEaVgA3MpcPFYGq
163,Soon You’ll Get Better (feat. The Chicks),Lover,C,Major,207.476,18.2,43.3,3.359783333333333,4/4,42.1,90.7,0.0,12.3,-12.566,6.41,2019-08-23,1NAmidJlEaVgA3MpcPFYGq
164,False God,Lover,B,Minor,79.97,32.0,73.9,3.33845,4/4,35.099999999999994,73.6,0.0147,11.1,-10.862,23.9,2019-08-23,1NAmidJlEaVgA3MpcPFYGq
165,You Need To Calm Down,Lover,D,Major,85.026,67.10000000000001,77.10000000000001,2.856,4/4,71.39999999999999,0.929,0.0,6.370000000000001,-5.617,5.53,2019-08-23,1NAmidJlEaVgA3MpcPFYGq
166,Afterglow,Lover,A,Major,111.011,44.9,75.6,3.72155,4/4,39.900000000000006,13.0,0.0,11.4,-8.746,3.44,2019-08-23,1NAmidJlEaVgA3MpcPFYGq
167,ME! (feat. Brendon Urie of Panic! At The Disco),Lover,C,Major,182.162,83.0,61.0,3.216666666666667,4/4,72.8,3.3000000000000003,0.0,11.8,-4.105,5.71,2019-08-23,1NAmidJlEaVgA3MpcPFYGq
168,It’s Nice To Have A Friend,Lover,Bb,Major,70.008,17.5,73.7,2.5073333333333334,4/4,54.50000000000001,97.1,0.0337,17.1,-9.912,4.01,2019-08-23,1NAmidJlEaVgA3MpcPFYGq
169,Daylight,Lover,C,Major,149.983,49.6,55.7,4.890883333333333,4/4,26.5,80.80000000000001,0.0173,7.720000000000001,-9.602,5.63,2019-08-23,1NAmidJlEaVgA3MpcPFYGq
170,...Ready For It?,reputation,D,Major,160.015,76.4,61.3,3.469783333333333,4/4,41.7,5.27,0.0,19.7,-6.509,13.6,2017-11-10,6DEjYFkNZh67HP7R9PSZvv
171,End Game,reputation,D,Major,159.073,58.9,64.9,4.08045,4/4,15.1,0.845,0.0,10.8,-6.237,5.58,2017-11-10,6DEjYFkNZh67HP7R9PSZvv
172,I Did Something Bad,reputation,C,Minor,82.989,60.2,69.6,3.9708833333333335,4/4,30.5,6.79,0.00211,6.959999999999999,-6.156,15.9,2017-11-10,6DEjYFkNZh67HP7R9PSZvv
173,Don’t Blame Me,reputation,A,Minor,135.917,53.400000000000006,61.5,3.940216666666666,4/4,19.3,10.6,0.00176,6.069999999999999,-6.719,3.86,2017-11-10,6DEjYFkNZh67HP7R9PSZvv
174,Delicate,reputation,A,Minor,95.045,40.400000000000006,75.0,3.8708833333333335,4/4,4.99,21.6,0.0357,9.11,-10.178,6.819999999999999,2017-11-10,6DEjYFkNZh67HP7R9PSZvv
175,Look What You Made Me Do,reputation,A,Minor,128.07,70.89999999999999,76.6,3.530883333333333,4/4,50.6,20.4,0.00141,12.6,-6.471,12.3,2017-11-10,6DEjYFkNZh67HP7R9PSZvv
176,So It Goes...,reputation,D,Major,74.957,61.0,57.4,3.79845,4/4,37.4,12.2,0.00011,13.0,-7.283,7.32,2017-11-10,6DEjYFkNZh67HP7R9PSZvv
177,Gorgeous,reputation,G,Major,92.027,53.5,80.0,3.494666666666667,4/4,45.1,7.13,0.000948,21.3,-6.684,13.5,2017-11-10,6DEjYFkNZh67HP7R9PSZvv
178,Getaway Car,reputation,D,Major,172.054,68.89999999999999,56.2,3.893783333333333,4/4,35.099999999999994,0.4649999999999999,0.0002229999999999,8.88,-6.745,12.7,2017-11-10,6DEjYFkNZh67HP7R9PSZvv
179,King Of My Heart,reputation,C,Major,110.01,70.3,67.5,3.572,4/4,31.4,0.882,0.000221,3.91,-7.902,3.82,2017-11-10,6DEjYFkNZh67HP7R9PSZvv
180,Dancing With Our Hands Tied,reputation,C,Minor,160.024,69.1,62.4,3.5251166666666665,4/4,28.4,6.04,0.0011,13.8,-6.686,19.6,2017-11-10,6DEjYFkNZh67HP7R9PSZvv
181,Dress,reputation,C,Major,120.085,46.9,71.89999999999999,3.83955,4/4,8.51,3.29,0.0,16.900000000000002,-8.792,5.33,2017-11-10,6DEjYFkNZh67HP7R9PSZvv
182,This Is Why We Can't Have Nice Things,reputation,F,Major,163.96,78.9,56.7,3.4522166666666667,4/4,43.8,1.5599999999999998,0.0,38.2,-5.986,11.5,2017-11-10,6DEjYFkNZh67HP7R9PSZvv
183,Call It What You Want,reputation,A,Major,163.954,50.4,59.8,3.391783333333333,4/4,25.2,18.6,0.0221,34.0,-9.874,7.31,2017-11-10,6DEjYFkNZh67HP7R9PSZvv
184,New Year’s Day,reputation,C,Major,94.922,15.1,66.10000000000001,3.92445,4/4,23.0,92.1,0.0,13.0,-12.864,3.54,2017-11-10,6DEjYFkNZh67HP7R9PSZvv
185,Tim McGraw,Taylor Swift,C,Major,76.009,49.1,57.99999999999999,3.86845,4/4,42.5,57.49999999999999,0.0,12.1,-6.462,2.51,2006-10-24,5eyZZoQEFQWRHkV2xgAeBw
186,Picture To Burn,Taylor Swift,G,Major,105.586,87.7,65.8,2.88445,4/4,82.1,17.299999999999997,0.0,9.62,-2.098,3.2300000000000004,2006-10-24,5eyZZoQEFQWRHkV2xgAeBw
187,Teardrops On My Guitar - Radio Single Remix,Taylor Swift,Bb,Major,99.953,41.7,62.1,3.384,4/4,28.9,28.8,0.0,11.9,-6.941,2.31,2006-10-24,5eyZZoQEFQWRHkV2xgAeBw
188,A Place in this World,Taylor Swift,A,Major,115.028,77.7,57.6,3.32,4/4,42.8,5.1,0.0,32.0,-2.881,3.24,2006-10-24,5eyZZoQEFQWRHkV2xgAeBw
189,Cold As You,Taylor Swift,F,Major,175.558,48.2,41.8,3.98355,4/4,26.1,21.7,0.0,12.3,-5.769,2.66,2006-10-24,5eyZZoQEFQWRHkV2xgAeBw
190,The Outside,Taylor Swift,F,Major,112.982,80.5,58.9,3.451783333333333,4/4,59.1,0.491,0.0,24.0,-4.055,2.93,2006-10-24,5eyZZoQEFQWRHkV2xgAeBw
191,Tied Together with a Smile,Taylor Swift,D,Major,146.165,57.8,47.9,4.135116666666667,4/4,19.2,52.5,0.0,8.41,-4.963,2.94,2006-10-24,5eyZZoQEFQWRHkV2xgAeBw
192,Stay Beautiful,Taylor Swift,Ab,Major,131.597,62.9,59.4,3.9342166666666665,4/4,50.4,8.68,0.0,13.7,-4.919,2.46,2006-10-24,5eyZZoQEFQWRHkV2xgAeBw
193,Should've Said No,Taylor Swift,E,Minor,167.964,77.7,47.6,4.036666666666667,4/4,47.2,1.03,0.0,19.6,-3.771,2.89,2006-10-24,5eyZZoQEFQWRHkV2xgAeBw
194,Mary's Song (Oh My My My),Taylor Swift,D,Major,74.9,62.7,40.3,3.551333333333333,4/4,37.4,1.77,0.0,18.2,-5.28,2.92,2006-10-24,5eyZZoQEFQWRHkV2xgAeBw
195,Our Song,Taylor Swift,D,Major,89.011,67.2,66.8,3.351783333333333,4/4,53.900000000000006,11.1,0.0,32.9,-4.931,3.03,2006-10-24,5eyZZoQEFQWRHkV2xgAeBw
196,I'm Only Me When I'm With You,Taylor Swift,Ab,Major,143.964,93.4,56.3,3.550883333333333,4/4,51.8,0.4519999999999999,0.0807,10.3,-3.629,6.460000000000001,2006-10-24,5eyZZoQEFQWRHkV2xgAeBw
197,Invisible,Taylor Swift,G,Major,96.001,39.4,61.2,3.3871166666666666,4/4,23.3,63.7,0.0,14.7,-5.723,2.43,2006-10-24,5eyZZoQEFQWRHkV2xgAeBw
198,A Perfectly Good Heart,Taylor Swift,E,Major,156.092,75.1,48.3,3.6691166666666666,4/4,26.8,0.349,0.0,12.8,-5.726,3.65,2006-10-24,5eyZZoQEFQWRHkV2xgAeBw
199,Teardrops on My Guitar - Pop Version,Taylor Swift,Bb,Major,199.997,75.3,45.9,2.98445,4/4,48.3,4.02,0.0,8.63,-3.827,5.37,2006-10-24,5eyZZoQEFQWRHkV2xgAeBw
200,You’re Losing Me (From The Vault),Midnights (The Til Dawn Edition),C,Major,102.969,39.6,74.4,4.630533333333333,4/4,18.0,50.9,0.319,12.1,-13.712,5.7,2023-11-29,5q3jthpn2h59P7pe2gmAl7
201,Carolina - From The Motion Picture “Where The Crawdads Sing”,Other,B,Minor,115.851,18.9,47.6,4.4073166666666665,4/4,32.4,90.4,0.000452,25.4,-13.777,3.29,2022-06-24,5Bwg2XxrjTlrNy6BC7KQZf
202,The Joker And The Queen (feat. Taylor Swift),Other,C,Major,133.83,30.9,52.8,3.0903666666666667,4/4,30.7,92.4,0.0002099999999999,28.2,-7.398,3.29,2022-02-11,0vkAczpFKCazPKaoLtnBr0
203,Safe & Sound (feat. Joy Williams and John Paul White) (Taylor’s Version),Red (Taylor's Version),G,Major,145.126,31.8,40.6,3.994466666666667,4/4,27.800000000000004,79.0,0.000288,7.539999999999999,-11.052,2.8400000000000003,2021-11-12,1qEs8XpGGduMUF7jfAs5l3
204,Eyes Open (Taylor's Version),Red (Taylor's Version),G,Major,136.982,76.2,56.7,4.0544,4/4,23.8,0.0635,0.0564999999999999,18.6,-7.05,3.58,2021-11-12,6AeF9IkXFpHz5H3wUNX3L3
205,Renegade - Pop Version,Other,C,Major,167.949,72.6,34.1,3.858783333333333,4/4,63.0,31.5,0.00627,9.48,-7.271,6.99,2021-08-17,49yiYOnz2UyaNl72xvDERt
206,If This Was A Movie (Taylor’s Version),Fearless (Taylor's Version),E,Major,147.82,69.89999999999999,47.1,3.9503666666666666,4/4,23.4,9.97,0.0,22.9,-3.745,2.8000000000000003,2021-04-09,6IZm7NfvWyXp952VF36Z5F
207,Only The Young - Featured in Miss Americana,Other,F,Minor,93.516,78.0,56.00000000000001,2.6251166666666665,4/4,60.2,0.244,0.0,7.140000000000001,-4.895,5.17,2020-01-31,5LGsh3kexUfi3qkIIxb8vK
208,Christmas Tree Farm,Other,G,Major,134.002,68.0,59.8,3.80045,4/4,43.7,6.0,0.0,32.4,-4.505,3.31,2019-12-06,5JnnrTE35MQagEnEkFthiF
209,All Of The Girls You Loved Before,Lover,D,Major,96.042,46.7,72.89999999999999,3.6901166666666665,3/4,40.1,71.0,0.00453,12.9,-9.682,4.19,2019-08-23,1Uauz6ql2dIPvIOH4JiuhD
210,"Sweeter Than Fiction - From ""One Chance"" Soundtrack",Other,F#,Major,135.012,61.4,71.0,3.9606666666666666,4/4,67.30000000000001,0.164,0.0154,7.85,-6.965,3.66,2013-10-21,11e4xCXllbvk8pWc1cCas1
211,The Fate of Ophelia,The Life of a Showgirl,F,Major,124.0,60.0,73.0,3.76666,4/4,52.0,27.0,0.0,10.0,-5.0,3.0,2025-10-03,4a6NzYL1YHRUgx9e3YZI6I
212,Elizabeth Taylor,The Life of a Showgirl,D,Major,82.0,63.0,62.0,3.466666,4/4,56.0,36.0,0.0,12.0,-7.0,4.0,2025-10-03,4a6NzYL1YHRUgx9e3YZI6I
213,Opalite,The Life of a Showgirl,E,Minor,125.0,82.0,81.0,3.916666,4/4,80.0,8.0,0.0,4.0,-5.0,4.0,2025-10-03,4a6NzYL1YHRUgx9e3YZI6I
214,Father Figure,The Life of a Showgirl,B,Minor,94.0,66.0,75.0,3.55,4/4,32.0,30.0,0.0,25.0,-6.0,4.0,2025-10-03,4a6NzYL1YHRUgx9e3YZI6I
215,Eldest Daughter,The Life of a Showgirl,G,Major,77.0,32.0,47.0,4.1,4/4,32.0,81.0,0.0,13.0,-7.0,3.0,2025-10-03,4a6NzYL1YHRUgx9e3YZI6I
216,Ruin The Friendship,The Life of a Showgirl,G,Major,160.0,70.0,62.0,3.68333,4/4,59.0,37.0,0.0,10.0,-6.0,11.0,2025-10-03,4a6NzYL1YHRUgx9e3YZI6I
217,Actually Romantic,The Life of a Showgirl,C#,Minor,170.0,43.0,71.0,2.73333,4/4,72.0,50.0,0.0,10.0,-8.0,17.0,2025-10-03,4a6NzYL1YHRUgx9e3YZI6I
218,Wi$h Li$t,The Life of a Showgirl,C,Major,148.0,49.0,69.0,3.45,4/4,48.0,30.0,0.0,8.0,-7.0,4.0,2025-10-03,4a6NzYL1YHRUgx9e3YZI6I
219,Wood,The Life of a Showgirl,F,Major,100.0,71.0,80.0,2.516666,4/4,78.0,27.0,0.0,59.0,-7.0,19.0,2025-10-03,4a6NzYL1YHRUgx9e3YZI6I
220,CANCELLED!,The Life of a Showgirl,G,Minor,91.0,40.0,73.0,3.51666,4/4,46.0,53.0,0.0,19.0,-9.0,4.0,2025-10-03,4a6NzYL1YHRUgx9e3YZI6I
221,Honey,The Life of a Showgirl,B,Minor,164.0,54.0,68.0,3.03333,4/4,54.0,39.0,0.0,33.0,-7.0,10.0,2025-10-03,4a6NzYL1YHRUgx9e3YZI6I
222,The Life of a Showgirl (feat. Sabrina Carpenter),The Life of a Showgirl,C,Major,157.0,54.0,54.0,4.03333,4/4,49.0,26.0,0.0,49.0,-8.0,14.0,2025-10-03,4a6NzYL1YHRUgx9e3YZI6I
