artist_name,album_name,release_date,track_name,track_number,explicit
Taylor Swift,The Life of a Showgirl + Acoustic Collection,2025-11-07,The Fate of Ophelia,1,False
Taylor Swift,The Life of a Showgirl + Acoustic Collection,2025-11-07,Elizabeth Taylor,2,False
Taylor Swift,The Life of a Showgirl + Acoustic Collection,2025-11-07,Opalite,3,False
Taylor Swift,The Life of a Showgirl + Acoustic Collection,2025-11-07,Father Figure,4,True
Taylor Swift,The Life of a Showgirl + Acoustic Collection,2025-11-07,Eldest Daughter,5,True
Taylor Swift,The Life of a Showgirl + Acoustic Collection,2025-11-07,Ruin The Friendship,6,False
Taylor Swift,The Life of a Showgirl + Acoustic Collection,2025-11-07,Actually Romantic,7,True
Taylor Swift,The Life of a Showgirl + Acoustic Collection,2025-11-07,Wi$h Li$t,8,True
Taylor Swift,The Life of a Showgirl + Acoustic Collection,2025-11-07,Wood,9,True
Taylor Swift,The Life of a Showgirl + Acoustic Collection,2025-11-07,CANCELLED!,10,True
Taylor Swift,The Life of a Showgirl + Acoustic Collection,2025-11-07,Honey,11,True
"Taylor Swift, Sabrina Carpenter",The Life of a Showgirl + Acoustic Collection,2025-11-07,The Life of a Showgirl (feat. Sabrina Carpenter),12,True
Taylor Swift,The Life of a Showgirl + Acoustic Collection,2025-11-07,The Fate of Ophelia - Alone In My Tower Acoustic Version,13,False
Taylor Swift,The Life of a Showgirl + Acoustic Collection,2025-11-07,Elizabeth Taylor - So Glamorous Cabaret Version,14,False
Taylor Swift,The Life of a Showgirl + Acoustic Collection,2025-11-07,Opalite - Life Is A Song Acoustic Version,15,False
Taylor Swift,The Life of a Showgirl + Acoustic Collection,2025-11-07,Eldest Daughter - Now You’re Home Acoustic Version,16,True
Taylor Swift,The Life of a Showgirl + Acoustic Collection,2025-11-07,Ruin The Friendship - My Advice Version,17,False
Taylor Swift,The Life of a Showgirl + Acoustic Collection,2025-11-07,Wi$h Li$t - Settled Down Acoustic Version,18,True
"Taylor Swift, Sabrina Carpenter",The Life of a Showgirl + Acoustic Collection,2025-11-07,The Life of a Showgirl (feat. Sabrina Carpenter) - Dressing Room Rehearsal Version,19,True
Taylor Swift,The Life of a Showgirl,2025-10-03,The Fate of Ophelia,1,False
Taylor Swift,The Life of a Showgirl,2025-10-03,Elizabeth Taylor,2,False
Taylor Swift,The Life of a Showgirl,2025-10-03,Opalite,3,False
Taylor Swift,The Life of a Showgirl,2025-10-03,Father Figure,4,True
Taylor Swift,The Life of a Showgirl,2025-10-03,Eldest Daughter,5,True
Taylor Swift,The Life of a Showgirl,2025-10-03,Ruin The Friendship,6,False
Taylor Swift,The Life of a Showgirl,2025-10-03,Actually Romantic,7,True
Taylor Swift,The Life of a Showgirl,2025-10-03,Wi$h Li$t,8,True
Taylor Swift,The Life of a Showgirl,2025-10-03,Wood,9,True
Taylor Swift,The Life of a Showgirl,2025-10-03,CANCELLED!,10,True
Taylor Swift,The Life of a Showgirl,2025-10-03,Honey,11,True
"Taylor Swift, Sabrina Carpenter",The Life of a Showgirl,2025-10-03,The Life of a Showgirl (feat. Sabrina Carpenter),12,True
Taylor Swift,The Life of a Showgirl (Track by Track Version),2025-10-02,The Life of a Showgirl Intro,1,False
Taylor Swift,The Life of a Showgirl (Track by Track Version),2025-10-02,The Fate of Ophelia - Track by Track,2,False
Taylor Swift,The Life of a Showgirl (Track by Track Version),2025-10-02,The Fate of Ophelia,3,False
Taylor Swift,The Life of a Showgirl (Track by Track Version),2025-10-02,Elizabeth Taylor - Track by Track,4,False
Taylor Swift,The Life of a Showgirl (Track by Track Version),2025-10-02,Elizabeth Taylor,5,False
Taylor Swift,The Life of a Showgirl (Track by Track Version),2025-10-02,Opalite - Track by Track,6,False
Taylor Swift,The Life of a Showgirl (Track by Track Version),2025-10-02,Opalite,7,False
Taylor Swift,The Life of a Showgirl (Track by Track Version),2025-10-02,Father Figure - Track by Track,8,False
Taylor Swift,The Life of a Showgirl (Track by Track Version),2025-10-02,Father Figure,9,True
Taylor Swift,The Life of a Showgirl (Track by Track Version),2025-10-02,Eldest Daughter - Track by Track,10,False
Taylor Swift,The Life of a Showgirl (Track by Track Version),2025-10-02,Eldest Daughter,11,True
Taylor Swift,The Life of a Showgirl (Track by Track Version),2025-10-02,Ruin The Friendship - Track by Track,12,False
Taylor Swift,The Life of a Showgirl (Track by Track Version),2025-10-02,Ruin The Friendship,13,False
Taylor Swift,The Life of a Showgirl (Track by Track Version),2025-10-02,Actually Romantic - Track by Track,14,False
Taylor Swift,The Life of a Showgirl (Track by Track Version),2025-10-02,Actually Romantic,15,True
Taylor Swift,The Life of a Showgirl (Track by Track Version),2025-10-02,Wi$h Li$t - Track by Track,16,False
Taylor Swift,The Life of a Showgirl (Track by Track Version),2025-10-02,Wi$h Li$t,17,True
Taylor Swift,The Life of a Showgirl (Track by Track Version),2025-10-02,Wood - Track by Track,18,False
Taylor Swift,The Life of a Showgirl (Track by Track Version),2025-10-02,Wood,19,True
Taylor Swift,The Life of a Showgirl (Track by Track Version),2025-10-02,CANCELLED! - Track by Track,20,False
Taylor Swift,The Life of a Showgirl (Track by Track Version),2025-10-02,CANCELLED!,21,True
Taylor Swift,The Life of a Showgirl (Track by Track Version),2025-10-02,Honey - Track by Track,22,False
Taylor Swift,The Life of a Showgirl (Track by Track Version),2025-10-02,Honey,23,True
Taylor Swift,The Life of a Showgirl (Track by Track Version),2025-10-02,The Life of a Showgirl - Track by Track,24,False
"Taylor Swift, Sabrina Carpenter",The Life of a Showgirl (Track by Track Version),2025-10-02,The Life of a Showgirl (feat. Sabrina Carpenter),25,True
Taylor Swift,The Life of a Showgirl (Track by Track Version),2025-10-02,The Life of a Showgirl Outro,26,False
"Taylor Swift, Post Malone",THE TORTURED POETS DEPARTMENT: THE ANTHOLOGY,2024-04-19,Fortnight (feat. Post Malone),1,False
Taylor Swift,THE TORTURED POETS DEPARTMENT: THE ANTHOLOGY,2024-04-19,The Tortured Poets Department,2,True
Taylor Swift,THE TORTURED POETS DEPARTMENT: THE ANTHOLOGY,2024-04-19,My Boy Only Breaks His Favorite Toys,3,False
Taylor Swift,THE TORTURED POETS DEPARTMENT: THE ANTHOLOGY,2024-04-19,Down Bad,4,True
Taylor Swift,THE TORTURED POETS DEPARTMENT: THE ANTHOLOGY,2024-04-19,"So Long, London",5,False
Taylor Swift,THE TORTURED POETS DEPARTMENT: THE ANTHOLOGY,2024-04-19,But Daddy I Love Him,6,True
Taylor Swift,THE TORTURED POETS DEPARTMENT: THE ANTHOLOGY,2024-04-19,Fresh Out The Slammer,7,False
"Taylor Swift, Florence + The Machine",THE TORTURED POETS DEPARTMENT: THE ANTHOLOGY,2024-04-19,Florida!!! (feat. Florence + The Machine),8,True
Taylor Swift,THE TORTURED POETS DEPARTMENT: THE ANTHOLOGY,2024-04-19,Guilty as Sin?,9,False
Taylor Swift,THE TORTURED POETS DEPARTMENT: THE ANTHOLOGY,2024-04-19,Who’s Afraid of Little Old Me?,10,False
Taylor Swift,THE TORTURED POETS DEPARTMENT: THE ANTHOLOGY,2024-04-19,I Can Fix Him (No Really I Can),11,False
Taylor Swift,THE TORTURED POETS DEPARTMENT: THE ANTHOLOGY,2024-04-19,loml,12,True
Taylor Swift,THE TORTURED POETS DEPARTMENT: THE ANTHOLOGY,2024-04-19,I Can Do It With a Broken Heart,13,True
Taylor Swift,THE TORTURED POETS DEPARTMENT: THE ANTHOLOGY,2024-04-19,The Smallest Man Who Ever Lived,14,True
Taylor Swift,THE TORTURED POETS DEPARTMENT: THE ANTHOLOGY,2024-04-19,The Alchemy,15,False
Taylor Swift,THE TORTURED POETS DEPARTMENT: THE ANTHOLOGY,2024-04-19,Clara Bow,16,False
Taylor Swift,THE TORTURED POETS DEPARTMENT: THE ANTHOLOGY,2024-04-19,The Black Dog,17,True
Taylor Swift,THE TORTURED POETS DEPARTMENT: THE ANTHOLOGY,2024-04-19,imgonnagetyouback,18,False
Taylor Swift,THE TORTURED POETS DEPARTMENT: THE ANTHOLOGY,2024-04-19,The Albatross,19,False
Taylor Swift,THE TORTURED POETS DEPARTMENT: THE ANTHOLOGY,2024-04-19,Chloe or Sam or Sophia or Marcus,20,False
Taylor Swift,THE TORTURED POETS DEPARTMENT: THE ANTHOLOGY,2024-04-19,How Did It End?,21,False
Taylor Swift,THE TORTURED POETS DEPARTMENT: THE ANTHOLOGY,2024-04-19,So High School,22,False
Taylor Swift,THE TORTURED POETS DEPARTMENT: THE ANTHOLOGY,2024-04-19,I Hate It Here,23,False
Taylor Swift,THE TORTURED POETS DEPARTMENT: THE ANTHOLOGY,2024-04-19,thanK you aIMee,24,True
Taylor Swift,THE TORTURED POETS DEPARTMENT: THE ANTHOLOGY,2024-04-19,I Look in People's Windows,25,False
Taylor Swift,THE TORTURED POETS DEPARTMENT: THE ANTHOLOGY,2024-04-19,The Prophecy,26,False
Taylor Swift,THE TORTURED POETS DEPARTMENT: THE ANTHOLOGY,2024-04-19,Cassandra,27,True
Taylor Swift,THE TORTURED POETS DEPARTMENT: THE ANTHOLOGY,2024-04-19,Peter,28,False
Taylor Swift,THE TORTURED POETS DEPARTMENT: THE ANTHOLOGY,2024-04-19,The Bolter,29,True
Taylor Swift,THE TORTURED POETS DEPARTMENT: THE ANTHOLOGY,2024-04-19,Robin,30,False
Taylor Swift,THE TORTURED POETS DEPARTMENT: THE ANTHOLOGY,2024-04-19,The Manuscript,31,False
"Taylor Swift, Post Malone",THE TORTURED POETS DEPARTMENT,2024-04-18,Fortnight (feat. Post Malone),1,False
Taylor Swift,THE TORTURED POETS DEPARTMENT,2024-04-18,The Tortured Poets Department,2,True
Taylor Swift,THE TORTURED POETS DEPARTMENT,2024-04-18,My Boy Only Breaks His Favorite Toys,3,False
Taylor Swift,THE TORTURED POETS DEPARTMENT,2024-04-18,Down Bad,4,True
Taylor Swift,THE TORTURED POETS DEPARTMENT,2024-04-18,"So Long, London",5,False
Taylor Swift,THE TORTURED POETS DEPARTMENT,2024-04-18,But Daddy I Love Him,6,True
Taylor Swift,THE TORTURED POETS DEPARTMENT,2024-04-18,Fresh Out The Slammer,7,False
"Taylor Swift, Florence + The Machine",THE TORTURED POETS DEPARTMENT,2024-04-18,Florida!!! (feat. Florence + The Machine),8,True
Taylor Swift,THE TORTURED POETS DEPARTMENT,2024-04-18,Guilty as Sin?,9,False
Taylor Swift,THE TORTURED POETS DEPARTMENT,2024-04-18,Who’s Afraid of Little Old Me?,10,False
Taylor Swift,THE TORTURED POETS DEPARTMENT,2024-04-18,I Can Fix Him (No Really I Can),11,False
Taylor Swift,THE TORTURED POETS DEPARTMENT,2024-04-18,loml,12,True
Taylor Swift,THE TORTURED POETS DEPARTMENT,2024-04-18,I Can Do It With a Broken Heart,13,True
Taylor Swift,THE TORTURED POETS DEPARTMENT,2024-04-18,The Smallest Man Who Ever Lived,14,True
Taylor Swift,THE TORTURED POETS DEPARTMENT,2024-04-18,The Alchemy,15,False
Taylor Swift,THE TORTURED POETS DEPARTMENT,2024-04-18,Clara Bow,16,False
Taylor Swift,1989 (Taylor's Version) [Deluxe],2023-10-27,Welcome To New York (Taylor's Version),1,False
Taylor Swift,1989 (Taylor's Version) [Deluxe],2023-10-27,Blank Space (Taylor's Version),2,False
Taylor Swift,1989 (Taylor's Version) [Deluxe],2023-10-27,Style (Taylor's Version),3,False
Taylor Swift,1989 (Taylor's Version) [Deluxe],2023-10-27,Out Of The Woods (Taylor's Version),4,False
Taylor Swift,1989 (Taylor's Version) [Deluxe],2023-10-27,All You Had To Do Was Stay (Taylor's Version),5,False
Taylor Swift,1989 (Taylor's Version) [Deluxe],2023-10-27,Shake It Off (Taylor's Version),6,False
Taylor Swift,1989 (Taylor's Version) [Deluxe],2023-10-27,I Wish You Would (Taylor's Version),7,False
Taylor Swift,1989 (Taylor's Version) [Deluxe],2023-10-27,Bad Blood (Taylor's Version),8,False
Taylor Swift,1989 (Taylor's Version) [Deluxe],2023-10-27,Wildest Dreams (Taylor's Version),9,False
Taylor Swift,1989 (Taylor's Version) [Deluxe],2023-10-27,How You Get The Girl (Taylor's Version),10,False
Taylor Swift,1989 (Taylor's Version) [Deluxe],2023-10-27,This Love (Taylor’s Version),11,False
Taylor Swift,1989 (Taylor's Version) [Deluxe],2023-10-27,I Know Places (Taylor's Version),12,False
Taylor Swift,1989 (Taylor's Version) [Deluxe],2023-10-27,Clean (Taylor's Version),13,False
Taylor Swift,1989 (Taylor's Version) [Deluxe],2023-10-27,Wonderland (Taylor's Version),14,False
Taylor Swift,1989 (Taylor's Version) [Deluxe],2023-10-27,You Are In Love (Taylor's Version),15,False
Taylor Swift,1989 (Taylor's Version) [Deluxe],2023-10-27,New Romantics (Taylor's Version),16,False
Taylor Swift,1989 (Taylor's Version) [Deluxe],2023-10-27,"""Slut!"" (Taylor's Version) (From The Vault)",17,False
Taylor Swift,1989 (Taylor's Version) [Deluxe],2023-10-27,Say Don't Go (Taylor's Version) (From The Vault),18,False
Taylor Swift,1989 (Taylor's Version) [Deluxe],2023-10-27,Now That We Don't Talk (Taylor's Version) (From The Vault),19,False
Taylor Swift,1989 (Taylor's Version) [Deluxe],2023-10-27,Suburban Legends (Taylor's Version) (From The Vault),20,False
Taylor Swift,1989 (Taylor's Version) [Deluxe],2023-10-27,Is It Over Now? (Taylor's Version) (From The Vault),21,False
"Taylor Swift, Kendrick Lamar",1989 (Taylor's Version) [Deluxe],2023-10-27,Bad Blood (feat. Kendrick Lamar) (Taylor's Version),22,False
Taylor Swift,1989 (Taylor's Version),2023-10-26,Welcome To New York (Taylor's Version),1,False
Taylor Swift,1989 (Taylor's Version),2023-10-26,Blank Space (Taylor's Version),2,False
Taylor Swift,1989 (Taylor's Version),2023-10-26,Style (Taylor's Version),3,False
Taylor Swift,1989 (Taylor's Version),2023-10-26,Out Of The Woods (Taylor's Version),4,False
Taylor Swift,1989 (Taylor's Version),2023-10-26,All You Had To Do Was Stay (Taylor's Version),5,False
Taylor Swift,1989 (Taylor's Version),2023-10-26,Shake It Off (Taylor's Version),6,False
Taylor Swift,1989 (Taylor's Version),2023-10-26,I Wish You Would (Taylor's Version),7,False
Taylor Swift,1989 (Taylor's Version),2023-10-26,Bad Blood (Taylor's Version),8,False
Taylor Swift,1989 (Taylor's Version),2023-10-26,Wildest Dreams (Taylor's Version),9,False
Taylor Swift,1989 (Taylor's Version),2023-10-26,How You Get The Girl (Taylor's Version),10,False
Taylor Swift,1989 (Taylor's Version),2023-10-26,This Love (Taylor’s Version),11,False
Taylor Swift,1989 (Taylor's Version),2023-10-26,I Know Places (Taylor's Version),12,False
Taylor Swift,1989 (Taylor's Version),2023-10-26,Clean (Taylor's Version),13,False
Taylor Swift,1989 (Taylor's Version),2023-10-26,Wonderland (Taylor's Version),14,False
Taylor Swift,1989 (Taylor's Version),2023-10-26,You Are In Love (Taylor's Version),15,False
Taylor Swift,1989 (Taylor's Version),2023-10-26,New Romantics (Taylor's Version),16,False
Taylor Swift,1989 (Taylor's Version),2023-10-26,"""Slut!"" (Taylor's Version) (From The Vault)",17,False
Taylor Swift,1989 (Taylor's Version),2023-10-26,Say Don't Go (Taylor's Version) (From The Vault),18,False
Taylor Swift,1989 (Taylor's Version),2023-10-26,Now That We Don't Talk (Taylor's Version) (From The Vault),19,False
Taylor Swift,1989 (Taylor's Version),2023-10-26,Suburban Legends (Taylor's Version) (From The Vault),20,False
Taylor Swift,1989 (Taylor's Version),2023-10-26,Is It Over Now? (Taylor's Version) (From The Vault),21,False
Taylor Swift,Speak Now (Taylor's Version),2023-07-07,Mine (Taylor's Version),1,False
Taylor Swift,Speak Now (Taylor's Version),2023-07-07,Sparks Fly (Taylor’s Version),2,False
Taylor Swift,Speak Now (Taylor's Version),2023-07-07,Back To December (Taylor's Version),3,False
Taylor Swift,Speak Now (Taylor's Version),2023-07-07,Speak Now (Taylor's Version),4,False
Taylor Swift,Speak Now (Taylor's Version),2023-07-07,Dear John (Taylor's Version),5,False
Taylor Swift,Speak Now (Taylor's Version),2023-07-07,Mean (Taylor's Version),6,False
Taylor Swift,Speak Now (Taylor's Version),2023-07-07,The Story Of Us (Taylor's Version),7,False
Taylor Swift,Speak Now (Taylor's Version),2023-07-07,Never Grow Up (Taylor's Version),8,False
Taylor Swift,Speak Now (Taylor's Version),2023-07-07,Enchanted (Taylor's Version),9,False
Taylor Swift,Speak Now (Taylor's Version),2023-07-07,Better Than Revenge (Taylor's Version),10,False
Taylor Swift,Speak Now (Taylor's Version),2023-07-07,Innocent (Taylor's Version),11,False
Taylor Swift,Speak Now (Taylor's Version),2023-07-07,Haunted (Taylor's Version),12,False
Taylor Swift,Speak Now (Taylor's Version),2023-07-07,Last Kiss (Taylor's Version),13,False
Taylor Swift,Speak Now (Taylor's Version),2023-07-07,Long Live (Taylor's Version),14,False
Taylor Swift,Speak Now (Taylor's Version),2023-07-07,Ours (Taylor’s Version),15,False
Taylor Swift,Speak Now (Taylor's Version),2023-07-07,Superman (Taylor’s Version),16,False
"Taylor Swift, Fall Out Boy",Speak Now (Taylor's Version),2023-07-07,Electric Touch (feat. Fall Out Boy) (Taylor’s Version) (From The Vault),17,False
Taylor Swift,Speak Now (Taylor's Version),2023-07-07,When Emma Falls in Love (Taylor’s Version) (From The Vault),18,False
Taylor Swift,Speak Now (Taylor's Version),2023-07-07,I Can See You (Taylor’s Version) (From The Vault),19,False
"Taylor Swift, Hayley Williams",Speak Now (Taylor's Version),2023-07-07,Castles Crumbling (feat. Hayley Williams) (Taylor’s Version) (From The Vault),20,False
Taylor Swift,Speak Now (Taylor's Version),2023-07-07,Foolish One (Taylor’s Version) (From The Vault),21,False
Taylor Swift,Speak Now (Taylor's Version),2023-07-07,Timeless (Taylor’s Version) (From The Vault),22,False
Taylor Swift,Midnights (The Til Dawn Edition),2023-05-26,Lavender Haze,1,True
Taylor Swift,Midnights (The Til Dawn Edition),2023-05-26,Maroon,2,True
Taylor Swift,Midnights (The Til Dawn Edition),2023-05-26,Anti-Hero,3,False
"Taylor Swift, Lana Del Rey",Midnights (The Til Dawn Edition),2023-05-26,Snow On The Beach (feat. Lana Del Rey),4,True
Taylor Swift,Midnights (The Til Dawn Edition),2023-05-26,"You're On Your Own, Kid",5,False
Taylor Swift,Midnights (The Til Dawn Edition),2023-05-26,Midnight Rain,6,False
Taylor Swift,Midnights (The Til Dawn Edition),2023-05-26,Question...?,7,True
Taylor Swift,Midnights (The Til Dawn Edition),2023-05-26,Vigilante Shit,8,True
Taylor Swift,Midnights (The Til Dawn Edition),2023-05-26,Bejeweled,9,False
Taylor Swift,Midnights (The Til Dawn Edition),2023-05-26,Labyrinth,10,False
Taylor Swift,Midnights (The Til Dawn Edition),2023-05-26,Karma,11,True
Taylor Swift,Midnights (The Til Dawn Edition),2023-05-26,Sweet Nothing,12,False
Taylor Swift,Midnights (The Til Dawn Edition),2023-05-26,Mastermind,13,False
Taylor Swift,Midnights (The Til Dawn Edition),2023-05-26,The Great War,14,False
Taylor Swift,Midnights (The Til Dawn Edition),2023-05-26,Bigger Than The Whole Sky,15,False
Taylor Swift,Midnights (The Til Dawn Edition),2023-05-26,Paris,16,False
Taylor Swift,Midnights (The Til Dawn Edition),2023-05-26,High Infidelity,17,False
Taylor Swift,Midnights (The Til Dawn Edition),2023-05-26,Glitch,18,False
Taylor Swift,Midnights (The Til Dawn Edition),2023-05-26,"Would've, Could've, Should've",19,False
Taylor Swift,Midnights (The Til Dawn Edition),2023-05-26,Dear Reader,20,False
Taylor Swift,Midnights (The Til Dawn Edition),2023-05-26,Hits Different,21,True
"Taylor Swift, Lana Del Rey",Midnights (The Til Dawn Edition),2023-05-26,Snow On The Beach (feat. More Lana Del Rey),22,True
"Taylor Swift, Ice Spice",Midnights (The Til Dawn Edition),2023-05-26,Karma (feat. Ice Spice),23,True
Taylor Swift,Midnights (3am Edition),2022-10-22,Lavender Haze,1,True
Taylor Swift,Midnights (3am Edition),2022-10-22,Maroon,2,True
Taylor Swift,Midnights (3am Edition),2022-10-22,Anti-Hero,3,False
"Taylor Swift, Lana Del Rey",Midnights (3am Edition),2022-10-22,Snow On The Beach (feat. Lana Del Rey),4,True
Taylor Swift,Midnights (3am Edition),2022-10-22,"You're On Your Own, Kid",5,False
Taylor Swift,Midnights (3am Edition),2022-10-22,Midnight Rain,6,False
Taylor Swift,Midnights (3am Edition),2022-10-22,Question...?,7,True
Taylor Swift,Midnights (3am Edition),2022-10-22,Vigilante Shit,8,True
Taylor Swift,Midnights (3am Edition),2022-10-22,Bejeweled,9,False
Taylor Swift,Midnights (3am Edition),2022-10-22,Labyrinth,10,False
Taylor Swift,Midnights (3am Edition),2022-10-22,Karma,11,True
Taylor Swift,Midnights (3am Edition),2022-10-22,Sweet Nothing,12,False
Taylor Swift,Midnights (3am Edition),2022-10-22,Mastermind,13,False
Taylor Swift,Midnights (3am Edition),2022-10-22,The Great War,14,False
Taylor Swift,Midnights (3am Edition),2022-10-22,Bigger Than The Whole Sky,15,False
Taylor Swift,Midnights (3am Edition),2022-10-22,Paris,16,False
Taylor Swift,Midnights (3am Edition),2022-10-22,High Infidelity,17,False
Taylor Swift,Midnights (3am Edition),2022-10-22,Glitch,18,False
Taylor Swift,Midnights (3am Edition),2022-10-22,"Would've, Could've, Should've",19,False
Taylor Swift,Midnights (3am Edition),2022-10-22,Dear Reader,20,False
Taylor Swift,Midnights,2022-10-21,Lavender Haze,1,True
Taylor Swift,Midnights,2022-10-21,Maroon,2,True
Taylor Swift,Midnights,2022-10-21,Anti-Hero,3,False
"Taylor Swift, Lana Del Rey",Midnights,2022-10-21,Snow On The Beach (feat. Lana Del Rey),4,True
Taylor Swift,Midnights,2022-10-21,"You're On Your Own, Kid",5,False
Taylor Swift,Midnights,2022-10-21,Midnight Rain,6,False
Taylor Swift,Midnights,2022-10-21,Question...?,7,True
Taylor Swift,Midnights,2022-10-21,Vigilante Shit,8,True
Taylor Swift,Midnights,2022-10-21,Bejeweled,9,False
Taylor Swift,Midnights,2022-10-21,Labyrinth,10,False
Taylor Swift,Midnights,2022-10-21,Karma,11,True
Taylor Swift,Midnights,2022-10-21,Sweet Nothing,12,False
Taylor Swift,Midnights,2022-10-21,Mastermind,13,False
Taylor Swift,Red (Taylor's Version),2021-11-12,State Of Grace (Taylor's Version),1,False
Taylor Swift,Red (Taylor's Version),2021-11-12,Red (Taylor's Version),2,False
Taylor Swift,Red (Taylor's Version),2021-11-12,Treacherous (Taylor's Version),3,False
Taylor Swift,Red (Taylor's Version),2021-11-12,I Knew You Were Trouble (Taylor's Version),4,False
Taylor Swift,Red (Taylor's Version),2021-11-12,All Too Well (Taylor's Version),5,False
Taylor Swift,Red (Taylor's Version),2021-11-12,22 (Taylor's Version),6,False
Taylor Swift,Red (Taylor's Version),2021-11-12,I Almost Do (Taylor's Version),7,False
Taylor Swift,Red (Taylor's Version),2021-11-12,We Are Never Ever Getting Back Together (Taylor's Version),8,False
Taylor Swift,Red (Taylor's Version),2021-11-12,Stay Stay Stay (Taylor's Version),9,False
"Taylor Swift, Gary Lightbody",Red (Taylor's Version),2021-11-12,The Last Time (feat. Gary Lightbody of Snow Patrol) (Taylor’s Version),10,False
Taylor Swift,Red (Taylor's Version),2021-11-12,Holy Ground (Taylor's Version),11,False
Taylor Swift,Red (Taylor's Version),2021-11-12,Sad Beautiful Tragic (Taylor's Version),12,False
Taylor Swift,Red (Taylor's Version),2021-11-12,The Lucky One (Taylor's Version),13,False
"Taylor Swift, Ed Sheeran",Red (Taylor's Version),2021-11-12,Everything Has Changed (feat. Ed Sheeran) (Taylor’s Version),14,False
Taylor Swift,Red (Taylor's Version),2021-11-12,Starlight (Taylor's Version),15,False
Taylor Swift,Red (Taylor's Version),2021-11-12,Begin Again (Taylor's Version),16,False
Taylor Swift,Red (Taylor's Version),2021-11-12,The Moment I Knew (Taylor's Version),17,False
Taylor Swift,Red (Taylor's Version),2021-11-12,Come Back...Be Here (Taylor's Version),18,False
Taylor Swift,Red (Taylor's Version),2021-11-12,Girl At Home (Taylor's Version),19,False
Taylor Swift,Red (Taylor's Version),2021-11-12,State Of Grace (Acoustic Version) (Taylor's Version),20,False
Taylor Swift,Red (Taylor's Version),2021-11-12,Ronan (Taylor's Version),21,False
Taylor Swift,Red (Taylor's Version),2021-11-12,Better Man (Taylor's Version) (From The Vault),22,False
"Taylor Swift, Phoebe Bridgers",Red (Taylor's Version),2021-11-12,Nothing New (feat. Phoebe Bridgers) (Taylor’s Version) (From The Vault),23,False
Taylor Swift,Red (Taylor's Version),2021-11-12,Babe (Taylor's Version) (From The Vault),24,False
Taylor Swift,Red (Taylor's Version),2021-11-12,Message In A Bottle (Taylor's Version) (From The Vault),25,False
"Taylor Swift, Chris Stapleton",Red (Taylor's Version),2021-11-12,I Bet You Think About Me (feat. Chris Stapleton) (Taylor’s Version) (From The Vault),26,True
Taylor Swift,Red (Taylor's Version),2021-11-12,Forever Winter (Taylor's Version) (From The Vault),27,False
"Taylor Swift, Ed Sheeran",Red (Taylor's Version),2021-11-12,Run (feat. Ed Sheeran) (Taylor’s Version) (From The Vault),28,False
Taylor Swift,Red (Taylor's Version),2021-11-12,The Very First Night (Taylor's Version) (From The Vault),29,False
Taylor Swift,Red (Taylor's Version),2021-11-12,All Too Well (10 Minute Version) (Taylor's Version) (From The Vault),30,True
Taylor Swift,Fearless (Taylor's Version),2021-04-09,Fearless (Taylor’s Version),1,False
Taylor Swift,Fearless (Taylor's Version),2021-04-09,Fifteen (Taylor’s Version),2,False
Taylor Swift,Fearless (Taylor's Version),2021-04-09,Love Story (Taylor’s Version),3,False
Taylor Swift,Fearless (Taylor's Version),2021-04-09,Hey Stephen (Taylor’s Version),4,False
Taylor Swift,Fearless (Taylor's Version),2021-04-09,White Horse (Taylor’s Version),5,False
Taylor Swift,Fearless (Taylor's Version),2021-04-09,You Belong With Me (Taylor’s Version),6,False
"Taylor Swift, Colbie Caillat",Fearless (Taylor's Version),2021-04-09,Breathe (feat. Colbie Caillat) (Taylor’s Version),7,False
Taylor Swift,Fearless (Taylor's Version),2021-04-09,Tell Me Why (Taylor’s Version),8,False
Taylor Swift,Fearless (Taylor's Version),2021-04-09,You’re Not Sorry (Taylor’s Version),9,False
Taylor Swift,Fearless (Taylor's Version),2021-04-09,The Way I Loved You (Taylor’s Version),10,False
Taylor Swift,Fearless (Taylor's Version),2021-04-09,Forever & Always (Taylor’s Version),11,False
Taylor Swift,Fearless (Taylor's Version),2021-04-09,The Best Day (Taylor’s Version),12,False
Taylor Swift,Fearless (Taylor's Version),2021-04-09,Change (Taylor’s Version),13,False
Taylor Swift,Fearless (Taylor's Version),2021-04-09,Jump Then Fall (Taylor’s Version),14,False
Taylor Swift,Fearless (Taylor's Version),2021-04-09,Untouchable (Taylor’s Version),15,False
Taylor Swift,Fearless (Taylor's Version),2021-04-09,Forever & Always (Piano Version) (Taylor’s Version),16,False
Taylor Swift,Fearless (Taylor's Version),2021-04-09,Come In With The Rain (Taylor’s Version),17,False
Taylor Swift,Fearless (Taylor's Version),2021-04-09,Superstar (Taylor’s Version),18,False
Taylor Swift,Fearless (Taylor's Version),2021-04-09,The Other Side Of The Door (Taylor’s Version),19,False
Taylor Swift,Fearless (Taylor's Version),2021-04-09,Today Was A Fairytale (Taylor’s Version),20,False
"Taylor Swift, Maren Morris",Fearless (Taylor's Version),2021-04-09,You All Over Me (feat. Maren Morris) (Taylor’s Version) (From The Vault),21,False
Taylor Swift,Fearless (Taylor's Version),2021-04-09,Mr. Perfectly Fine (Taylor’s Version) (From The Vault),22,False
Taylor Swift,Fearless (Taylor's Version),2021-04-09,We Were Happy (Taylor’s Version) (From The Vault),23,False
"Taylor Swift, Keith Urban",Fearless (Taylor's Version),2021-04-09,That’s When (feat. Keith Urban) (Taylor’s Version) (From The Vault),24,False
Taylor Swift,Fearless (Taylor's Version),2021-04-09,Don’t You (Taylor’s Version) (From The Vault),25,False
Taylor Swift,Fearless (Taylor's Version),2021-04-09,Bye Bye Baby (Taylor’s Version) (From The Vault),26,False
Taylor Swift,evermore (deluxe version),2021-01-07,willow,1,False
Taylor Swift,evermore (deluxe version),2021-01-07,champagne problems,2,True
Taylor Swift,evermore (deluxe version),2021-01-07,gold rush,3,True
Taylor Swift,evermore (deluxe version),2021-01-07,‘tis the damn season,4,False
Taylor Swift,evermore (deluxe version),2021-01-07,tolerate it,5,True
"Taylor Swift, HAIM",evermore (deluxe version),2021-01-07,"no body, no crime (feat. HAIM)",6,False
Taylor Swift,evermore (deluxe version),2021-01-07,happiness,7,True
Taylor Swift,evermore (deluxe version),2021-01-07,dorothea,8,False
"Taylor Swift, The National",evermore (deluxe version),2021-01-07,coney island (feat. The National),9,False
Taylor Swift,evermore (deluxe version),2021-01-07,ivy,10,True
Taylor Swift,evermore (deluxe version),2021-01-07,cowboy like me,11,True
Taylor Swift,evermore (deluxe version),2021-01-07,long story short,12,False
Taylor Swift,evermore (deluxe version),2021-01-07,marjorie,13,False
Taylor Swift,evermore (deluxe version),2021-01-07,closure,14,False
"Taylor Swift, Bon Iver",evermore (deluxe version),2021-01-07,evermore (feat. Bon Iver),15,False
Taylor Swift,evermore (deluxe version),2021-01-07,right where you left me - bonus track,16,False
Taylor Swift,evermore (deluxe version),2021-01-07,it’s time to go - bonus track,17,False
Taylor Swift,evermore,2020-12-11,willow,1,False
Taylor Swift,evermore,2020-12-11,champagne problems,2,True
Taylor Swift,evermore,2020-12-11,gold rush,3,True
Taylor Swift,evermore,2020-12-11,‘tis the damn season,4,False
Taylor Swift,evermore,2020-12-11,tolerate it,5,True
"Taylor Swift, HAIM",evermore,2020-12-11,"no body, no crime (feat. HAIM)",6,False
Taylor Swift,evermore,2020-12-11,happiness,7,True
Taylor Swift,evermore,2020-12-11,dorothea,8,False
"Taylor Swift, The National",evermore,2020-12-11,coney island (feat. The National),9,False
Taylor Swift,evermore,2020-12-11,ivy,10,True
Taylor Swift,evermore,2020-12-11,cowboy like me,11,True
Taylor Swift,evermore,2020-12-11,long story short,12,False
Taylor Swift,evermore,2020-12-11,marjorie,13,False
Taylor Swift,evermore,2020-12-11,closure,14,False
"Taylor Swift, Bon Iver",evermore,2020-12-11,evermore (feat. Bon Iver),15,False
Taylor Swift,folklore: the long pond studio sessions (from the Disney+ special) [deluxe edition],2020-11-25,the 1,1,True
Taylor Swift,folklore: the long pond studio sessions (from the Disney+ special) [deluxe edition],2020-11-25,cardigan,2,False
Taylor Swift,folklore: the long pond studio sessions (from the Disney+ special) [deluxe edition],2020-11-25,the last great american dynasty,3,True
"Taylor Swift, Bon Iver",folklore: the long pond studio sessions (from the Disney+ special) [deluxe edition],2020-11-25,exile (feat. Bon Iver),4,False
Taylor Swift,folklore: the long pond studio sessions (from the Disney+ special) [deluxe edition],2020-11-25,my tears ricochet,5,False
Taylor Swift,folklore: the long pond studio sessions (from the Disney+ special) [deluxe edition],2020-11-25,mirrorball,6,False
Taylor Swift,folklore: the long pond studio sessions (from the Disney+ special) [deluxe edition],2020-11-25,seven,7,False
Taylor Swift,folklore: the long pond studio sessions (from the Disney+ special) [deluxe edition],2020-11-25,august,8,False
Taylor Swift,folklore: the long pond studio sessions (from the Disney+ special) [deluxe edition],2020-11-25,this is me trying,9,False
Taylor Swift,folklore: the long pond studio sessions (from the Disney+ special) [deluxe edition],2020-11-25,illicit affairs,10,False
Taylor Swift,folklore: the long pond studio sessions (from the Disney+ special) [deluxe edition],2020-11-25,invisible string,11,False
Taylor Swift,folklore: the long pond studio sessions (from the Disney+ special) [deluxe edition],2020-11-25,mad woman,12,True
Taylor Swift,folklore: the long pond studio sessions (from the Disney+ special) [deluxe edition],2020-11-25,epiphany,13,False
Taylor Swift,folklore: the long pond studio sessions (from the Disney+ special) [deluxe edition],2020-11-25,betty,14,True
Taylor Swift,folklore: the long pond studio sessions (from the Disney+ special) [deluxe edition],2020-11-25,peace,15,True
Taylor Swift,folklore: the long pond studio sessions (from the Disney+ special) [deluxe edition],2020-11-25,hoax,16,False
Taylor Swift,folklore: the long pond studio sessions (from the Disney+ special) [deluxe edition],2020-11-25,the lakes - bonus track,17,False
Taylor Swift,folklore: the long pond studio sessions (from the Disney+ special) [deluxe edition],2020-11-25,the 1 - the long pond studio sessions,1,True
Taylor Swift,folklore: the long pond studio sessions (from the Disney+ special) [deluxe edition],2020-11-25,cardigan - the long pond studio sessions,2,False
Taylor Swift,folklore: the long pond studio sessions (from the Disney+ special) [deluxe edition],2020-11-25,the last great american dynasty - the long pond studio sessions,3,False
"Taylor Swift, Bon Iver",folklore: the long pond studio sessions (from the Disney+ special) [deluxe edition],2020-11-25,exile (feat. Bon Iver) - the long pond studio sessions,4,False
Taylor Swift,folklore: the long pond studio sessions (from the Disney+ special) [deluxe edition],2020-11-25,my tears ricochet - the long pond studio sessions,5,False
Taylor Swift,folklore: the long pond studio sessions (from the Disney+ special) [deluxe edition],2020-11-25,mirrorball - the long pond studio sessions,6,False
Taylor Swift,folklore: the long pond studio sessions (from the Disney+ special) [deluxe edition],2020-11-25,seven - the long pond studio sessions,7,False
Taylor Swift,folklore: the long pond studio sessions (from the Disney+ special) [deluxe edition],2020-11-25,august - the long pond studio sessions,8,False
Taylor Swift,folklore: the long pond studio sessions (from the Disney+ special) [deluxe edition],2020-11-25,this is me trying - the long pond studio sessions,9,False
Taylor Swift,folklore: the long pond studio sessions (from the Disney+ special) [deluxe edition],2020-11-25,illicit affairs - the long pond studio sessions,10,False
Taylor Swift,folklore: the long pond studio sessions (from the Disney+ special) [deluxe edition],2020-11-25,invisible string - the long pond studio sessions,11,False
Taylor Swift,folklore: the long pond studio sessions (from the Disney+ special) [deluxe edition],2020-11-25,mad woman - the long pond studio sessions,12,True
Taylor Swift,folklore: the long pond studio sessions (from the Disney+ special) [deluxe edition],2020-11-25,epiphany - the long pond studio sessions,13,False
Taylor Swift,folklore: the long pond studio sessions (from the Disney+ special) [deluxe edition],2020-11-25,betty - the long pond studio sessions,14,True
Taylor Swift,folklore: the long pond studio sessions (from the Disney+ special) [deluxe edition],2020-11-25,peace - the long pond studio sessions,15,True
Taylor Swift,folklore: the long pond studio sessions (from the Disney+ special) [deluxe edition],2020-11-25,hoax - the long pond studio sessions,16,False
Taylor Swift,folklore: the long pond studio sessions (from the Disney+ special) [deluxe edition],2020-11-25,the lakes - the long pond studio sessions,17,False
Taylor Swift,folklore (deluxe version),2020-08-18,the 1,1,True
Taylor Swift,folklore (deluxe version),2020-08-18,cardigan,2,False
Taylor Swift,folklore (deluxe version),2020-08-18,the last great american dynasty,3,True
"Taylor Swift, Bon Iver",folklore (deluxe version),2020-08-18,exile (feat. Bon Iver),4,False
Taylor Swift,folklore (deluxe version),2020-08-18,my tears ricochet,5,False
Taylor Swift,folklore (deluxe version),2020-08-18,mirrorball,6,False
Taylor Swift,folklore (deluxe version),2020-08-18,seven,7,False
Taylor Swift,folklore (deluxe version),2020-08-18,august,8,False
Taylor Swift,folklore (deluxe version),2020-08-18,this is me trying,9,False
Taylor Swift,folklore (deluxe version),2020-08-18,illicit affairs,10,False
Taylor Swift,folklore (deluxe version),2020-08-18,invisible string,11,False
Taylor Swift,folklore (deluxe version),2020-08-18,mad woman,12,True
Taylor Swift,folklore (deluxe version),2020-08-18,epiphany,13,False
Taylor Swift,folklore (deluxe version),2020-08-18,betty,14,True
Taylor Swift,folklore (deluxe version),2020-08-18,peace,15,True
Taylor Swift,folklore (deluxe version),2020-08-18,hoax,16,False
Taylor Swift,folklore (deluxe version),2020-08-18,the lakes - bonus track,17,False
Taylor Swift,folklore,2020-07-24,the 1,1,True
Taylor Swift,folklore,2020-07-24,cardigan,2,False
Taylor Swift,folklore,2020-07-24,the last great american dynasty,3,True
"Taylor Swift, Bon Iver",folklore,2020-07-24,exile (feat. Bon Iver),4,False
Taylor Swift,folklore,2020-07-24,my tears ricochet,5,False
Taylor Swift,folklore,2020-07-24,mirrorball,6,False
Taylor Swift,folklore,2020-07-24,seven,7,False
Taylor Swift,folklore,2020-07-24,august,8,False
Taylor Swift,folklore,2020-07-24,this is me trying,9,False
Taylor Swift,folklore,2020-07-24,illicit affairs,10,False
Taylor Swift,folklore,2020-07-24,invisible string,11,False
Taylor Swift,folklore,2020-07-24,mad woman,12,True
Taylor Swift,folklore,2020-07-24,epiphany,13,False
Taylor Swift,folklore,2020-07-24,betty,14,True
Taylor Swift,folklore,2020-07-24,peace,15,True
Taylor Swift,folklore,2020-07-24,hoax,16,False
Taylor Swift,Lover,2019-08-23,I Forgot That You Existed,1,False
Taylor Swift,Lover,2019-08-23,Cruel Summer,2,False
Taylor Swift,Lover,2019-08-23,Lover,3,False
Taylor Swift,Lover,2019-08-23,The Man,4,False
Taylor Swift,Lover,2019-08-23,The Archer,5,False
Taylor Swift,Lover,2019-08-23,I Think He Knows,6,False
Taylor Swift,Lover,2019-08-23,Miss Americana & The Heartbreak Prince,7,False
Taylor Swift,Lover,2019-08-23,Paper Rings,8,False
Taylor Swift,Lover,2019-08-23,Cornelia Street,9,False
Taylor Swift,Lover,2019-08-23,Death By A Thousand Cuts,10,False
Taylor Swift,Lover,2019-08-23,London Boy,11,False
"Taylor Swift, The Chicks",Lover,2019-08-23,Soon You’ll Get Better (feat. The Chicks),12,False
Taylor Swift,Lover,2019-08-23,False God,13,False
Taylor Swift,Lover,2019-08-23,You Need To Calm Down,14,False
Taylor Swift,Lover,2019-08-23,Afterglow,15,False
"Taylor Swift, Brendon Urie, Panic! At The Disco",Lover,2019-08-23,ME! (feat. Brendon Urie of Panic! At The Disco),16,False
Taylor Swift,Lover,2019-08-23,It’s Nice To Have A Friend,17,False
Taylor Swift,Lover,2019-08-23,Daylight,18,False
Taylor Swift,Taylor Swift Karaoke: reputation,2018-03-09,...Ready For It? - Karaoke Version,1,False
"Taylor Swift, Ed Sheeran, Future",Taylor Swift Karaoke: reputation,2018-03-09,End Game - Karaoke Version,2,False
Taylor Swift,Taylor Swift Karaoke: reputation,2018-03-09,I Did Something Bad - Karaoke Version,3,False
Taylor Swift,Taylor Swift Karaoke: reputation,2018-03-09,Don't Blame Me - Karaoke Version,4,False
Taylor Swift,Taylor Swift Karaoke: reputation,2018-03-09,Delicate - Karaoke Version,5,False
Taylor Swift,Taylor Swift Karaoke: reputation,2018-03-09,Look What You Made Me Do - Karaoke Version,6,False
Taylor Swift,Taylor Swift Karaoke: reputation,2018-03-09,So It Goes... - Karaoke Version,7,False
Taylor Swift,Taylor Swift Karaoke: reputation,2018-03-09,Gorgeous - Karaoke Version,8,False
Taylor Swift,Taylor Swift Karaoke: reputation,2018-03-09,Getaway Car - Karaoke Version,9,False
Taylor Swift,Taylor Swift Karaoke: reputation,2018-03-09,King Of My Heart - Karaoke Version,10,False
Taylor Swift,Taylor Swift Karaoke: reputation,2018-03-09,Dancing With Our Hands Tied - Karaoke Version,11,False
Taylor Swift,Taylor Swift Karaoke: reputation,2018-03-09,Dress - Karaoke Version,12,False
Taylor Swift,Taylor Swift Karaoke: reputation,2018-03-09,This Is Why We Can't Have Nice Things - Karaoke Version,13,False
Taylor Swift,Taylor Swift Karaoke: reputation,2018-03-09,Call It What You Want - Karaoke Version,14,False
Taylor Swift,Taylor Swift Karaoke: reputation,2018-03-09,New Year's Day - Karaoke Version,15,False
Taylor Swift,reputation,2017-11-10,...Ready For It?,1,False
"Taylor Swift, Ed Sheeran, Future",reputation,2017-11-10,End Game,2,False
Taylor Swift,reputation,2017-11-10,I Did Something Bad,3,False
Taylor Swift,reputation,2017-11-10,Don’t Blame Me,4,False
Taylor Swift,reputation,2017-11-10,Delicate,5,False
Taylor Swift,reputation,2017-11-10,Look What You Made Me Do,6,False
Taylor Swift,reputation,2017-11-10,So It Goes...,7,False
Taylor Swift,reputation,2017-11-10,Gorgeous,8,False
Taylor Swift,reputation,2017-11-10,Getaway Car,9,False
Taylor Swift,reputation,2017-11-10,King Of My Heart,10,False
Taylor Swift,reputation,2017-11-10,Dancing With Our Hands Tied,11,False
Taylor Swift,reputation,2017-11-10,Dress,12,False
Taylor Swift,reputation,2017-11-10,This Is Why We Can't Have Nice Things,13,False
Taylor Swift,reputation,2017-11-10,Call It What You Want,14,False
Taylor Swift,reputation,2017-11-10,New Year’s Day,15,False
Taylor Swift,reputation Stadium Tour Surprise Song Playlist,2017-11-09,All Too Well,1,False
Taylor Swift,reputation Stadium Tour Surprise Song Playlist,2017-11-09,Wildest Dreams,2,False
Taylor Swift,reputation Stadium Tour Surprise Song Playlist,2017-11-09,The Best Day,3,False
Taylor Swift,reputation Stadium Tour Surprise Song Playlist,2017-11-09,Red,4,False
Taylor Swift,reputation Stadium Tour Surprise Song Playlist,2017-11-09,Holy Ground,5,False
Taylor Swift,reputation Stadium Tour Surprise Song Playlist,2017-11-09,Teardrops On My Guitar - Radio Single Remix,6,False
Taylor Swift,reputation Stadium Tour Surprise Song Playlist,2017-11-09,Our Song,7,False
Taylor Swift,reputation Stadium Tour Surprise Song Playlist,2017-11-09,22,8,False
Taylor Swift,reputation Stadium Tour Surprise Song Playlist,2017-11-09,I Knew You Were Trouble.,9,False
"ZAYN, Taylor Swift",reputation Stadium Tour Surprise Song Playlist,2017-11-09,I Don’t Wanna Live Forever (Fifty Shades Darker),10,False
Taylor Swift,reputation Stadium Tour Surprise Song Playlist,2017-11-09,Mean,11,False
Taylor Swift,reputation Stadium Tour Surprise Song Playlist,2017-11-09,How You Get The Girl,12,False
Taylor Swift,reputation Stadium Tour Surprise Song Playlist,2017-11-09,So It Goes...,13,False
Taylor Swift,reputation Stadium Tour Surprise Song Playlist,2017-11-09,Fifteen,14,False
Taylor Swift,reputation Stadium Tour Surprise Song Playlist,2017-11-09,Mine,15,False
Taylor Swift,reputation Stadium Tour Surprise Song Playlist,2017-11-09,Sparks Fly,16,False
Taylor Swift,reputation Stadium Tour Surprise Song Playlist,2017-11-09,State Of Grace,17,False
Taylor Swift,reputation Stadium Tour Surprise Song Playlist,2017-11-09,Haunted,18,False
Taylor Swift,reputation Stadium Tour Surprise Song Playlist,2017-11-09,Never Grow Up,19,False
Taylor Swift,reputation Stadium Tour Surprise Song Playlist,2017-11-09,Treacherous,20,False
"Sugarland, Taylor Swift",reputation Stadium Tour Surprise Song Playlist,2017-11-09,Babe,21,False
Taylor Swift,reputation Stadium Tour Surprise Song Playlist,2017-11-09,Welcome To New York,22,False
Taylor Swift,reputation Stadium Tour Surprise Song Playlist,2017-11-09,Fearless,23,False
Taylor Swift,reputation Stadium Tour Surprise Song Playlist,2017-11-09,Enchanted,24,False
Taylor Swift,reputation Stadium Tour Surprise Song Playlist,2017-11-09,Change,25,False
Taylor Swift,reputation Stadium Tour Surprise Song Playlist,2017-11-09,Ours,26,False
Taylor Swift,reputation Stadium Tour Surprise Song Playlist,2017-11-09,Out Of The Woods,27,False
Taylor Swift,reputation Stadium Tour Surprise Song Playlist,2017-11-09,Come Back...Be Here,28,False
Taylor Swift,reputation Stadium Tour Surprise Song Playlist,2017-11-09,A Place in this World,29,False
Taylor Swift,reputation Stadium Tour Surprise Song Playlist,2017-11-09,This Love,30,False
Taylor Swift,reputation Stadium Tour Surprise Song Playlist,2017-11-09,The Lucky One,31,False
Taylor Swift,reputation Stadium Tour Surprise Song Playlist,2017-11-09,Invisible,32,False
"Taylor Swift, Colbie Caillat",reputation Stadium Tour Surprise Song Playlist,2017-11-09,Breathe,33,False
Little Big Town,reputation Stadium Tour Surprise Song Playlist,2017-11-09,Better Man,34,False
Taylor Swift,reputation Stadium Tour Surprise Song Playlist,2017-11-09,Jump Then Fall,35,False
Taylor Swift,reputation Stadium Tour Surprise Song Playlist,2017-11-09,Begin Again,36,False
Taylor Swift,reputation Stadium Tour Surprise Song Playlist,2017-11-09,Tied Together with a Smile,37,False
Taylor Swift,reputation Stadium Tour Surprise Song Playlist,2017-11-09,The Story Of Us,38,False
Taylor Swift,reputation Stadium Tour Surprise Song Playlist,2017-11-09,Forever & Always,39,False
Taylor Swift,reputation Stadium Tour Surprise Song Playlist,2017-11-09,Hey Stephen,40,False
Taylor Swift,reputation Stadium Tour Surprise Song Playlist,2017-11-09,Speak Now,41,False
Taylor Swift,reputation Stadium Tour Surprise Song Playlist,2017-11-09,Wonderland,42,False
Taylor Swift,reputation Stadium Tour Surprise Song Playlist,2017-11-09,White Horse,43,False
Taylor Swift,reputation Stadium Tour Surprise Song Playlist,2017-11-09,I'm Only Me When I'm With You,44,False
Taylor Swift,reputation Stadium Tour Surprise Song Playlist,2017-11-09,Starlight,45,False
Taylor Swift,reputation Stadium Tour Surprise Song Playlist,2017-11-09,I Know Places,46,False
Taylor Swift,1989 (Deluxe),2014-01-01,Welcome To New York,1,False
Taylor Swift,1989 (Deluxe),2014-01-01,Blank Space,2,False
Taylor Swift,1989 (Deluxe),2014-01-01,Style,3,False
Taylor Swift,1989 (Deluxe),2014-01-01,Out Of The Woods,4,False
Taylor Swift,1989 (Deluxe),2014-01-01,All You Had To Do Was Stay,5,False
Taylor Swift,1989 (Deluxe),2014-01-01,Shake It Off,6,False
Taylor Swift,1989 (Deluxe),2014-01-01,I Wish You Would,7,False
Taylor Swift,1989 (Deluxe),2014-01-01,Bad Blood,8,False
Taylor Swift,1989 (Deluxe),2014-01-01,Wildest Dreams,9,False
Taylor Swift,1989 (Deluxe),2014-01-01,How You Get The Girl,10,False
Taylor Swift,1989 (Deluxe),2014-01-01,This Love,11,False
Taylor Swift,1989 (Deluxe),2014-01-01,I Know Places,12,False
Taylor Swift,1989 (Deluxe),2014-01-01,Clean,13,False
Taylor Swift,1989 (Deluxe),2014-01-01,Wonderland,14,False
Taylor Swift,1989 (Deluxe),2014-01-01,You Are In Love,15,False
Taylor Swift,1989 (Deluxe),2014-01-01,New Romantics,16,False
Taylor Swift,1989 (Deluxe),2014-01-01,I Know Places - Voice Memo,17,False
Taylor Swift,1989 (Deluxe),2014-01-01,I Wish You Would - Voice Memo,18,False
Taylor Swift,1989 (Deluxe),2014-01-01,Blank Space - Voice Memo,19,False
Taylor Swift,1989,2014-01-01,Welcome To New York,1,False
Taylor Swift,1989,2014-01-01,Blank Space,2,False
Taylor Swift,1989,2014-01-01,Style,3,False
Taylor Swift,1989,2014-01-01,Out Of The Woods,4,False
Taylor Swift,1989,2014-01-01,All You Had To Do Was Stay,5,False
Taylor Swift,1989,2014-01-01,Shake It Off,6,False
Taylor Swift,1989,2014-01-01,I Wish You Would,7,False
Taylor Swift,1989,2014-01-01,Bad Blood,8,False
Taylor Swift,1989,2014-01-01,Wildest Dreams,9,False
Taylor Swift,1989,2014-01-01,How You Get The Girl,10,False
Taylor Swift,1989,2014-01-01,This Love,11,False
Taylor Swift,1989,2014-01-01,I Know Places,12,False
Taylor Swift,1989,2014-01-01,Clean,13,False
Taylor Swift,Red (Deluxe Edition),2012-10-22,State Of Grace,1,False
Taylor Swift,Red (Deluxe Edition),2012-10-22,Red,2,False
Taylor Swift,Red (Deluxe Edition),2012-10-22,Treacherous,3,False
Taylor Swift,Red (Deluxe Edition),2012-10-22,I Knew You Were Trouble.,4,False
Taylor Swift,Red (Deluxe Edition),2012-10-22,All Too Well,5,False
Taylor Swift,Red (Deluxe Edition),2012-10-22,22,6,False
Taylor Swift,Red (Deluxe Edition),2012-10-22,I Almost Do,7,False
Taylor Swift,Red (Deluxe Edition),2012-10-22,We Are Never Ever Getting Back Together,8,False
Taylor Swift,Red (Deluxe Edition),2012-10-22,Stay Stay Stay,9,False
"Taylor Swift, Gary Lightbody",Red (Deluxe Edition),2012-10-22,The Last Time,10,False
Taylor Swift,Red (Deluxe Edition),2012-10-22,Holy Ground,11,False
Taylor Swift,Red (Deluxe Edition),2012-10-22,Sad Beautiful Tragic,12,False
Taylor Swift,Red (Deluxe Edition),2012-10-22,The Lucky One,13,False
"Taylor Swift, Ed Sheeran",Red (Deluxe Edition),2012-10-22,Everything Has Changed,14,False
Taylor Swift,Red (Deluxe Edition),2012-10-22,Starlight,15,False
Taylor Swift,Red (Deluxe Edition),2012-10-22,Begin Again,16,False
Taylor Swift,Red (Deluxe Edition),2012-10-22,The Moment I Knew,17,False
Taylor Swift,Red (Deluxe Edition),2012-10-22,Come Back...Be Here,18,False
Taylor Swift,Red (Deluxe Edition),2012-10-22,Girl At Home,19,False
Taylor Swift,Red (Deluxe Edition),2012-10-22,Treacherous - Original Demo Recording,20,False
Taylor Swift,Red (Deluxe Edition),2012-10-22,Red - Original Demo Recording,21,False
Taylor Swift,Red (Deluxe Edition),2012-10-22,State Of Grace - Acoustic,22,False
Taylor Swift,Red,2012-10-22,State Of Grace,1,False
Taylor Swift,Red,2012-10-22,Red,2,False
Taylor Swift,Red,2012-10-22,Treacherous,3,False
Taylor Swift,Red,2012-10-22,I Knew You Were Trouble.,4,False
Taylor Swift,Red,2012-10-22,All Too Well,5,False
Taylor Swift,Red,2012-10-22,22,6,False
Taylor Swift,Red,2012-10-22,I Almost Do,7,False
Taylor Swift,Red,2012-10-22,We Are Never Ever Getting Back Together,8,False
Taylor Swift,Red,2012-10-22,Stay Stay Stay,9,False
"Taylor Swift, Gary Lightbody",Red,2012-10-22,The Last Time,10,False
Taylor Swift,Red,2012-10-22,Holy Ground,11,False
Taylor Swift,Red,2012-10-22,Sad Beautiful Tragic,12,False
Taylor Swift,Red,2012-10-22,The Lucky One,13,False
"Taylor Swift, Ed Sheeran",Red,2012-10-22,Everything Has Changed,14,False
Taylor Swift,Red,2012-10-22,Starlight,15,False
Taylor Swift,Red,2012-10-22,Begin Again,16,False
Taylor Swift,Speak Now World Tour Live,2010-10-25,Sparks Fly - Live/2011,1,False
Taylor Swift,Speak Now World Tour Live,2010-10-25,Mine - Live/2011,2,False
Taylor Swift,Speak Now World Tour Live,2010-10-25,The Story Of Us - Live,3,False
Taylor Swift,Speak Now World Tour Live,2010-10-25,Mean - Live/2011,4,False
Taylor Swift,Speak Now World Tour Live,2010-10-25,Ours - Live/2011,5,False
Taylor Swift,Speak Now World Tour Live,2010-10-25,Back To December/Apologize/You're Not Sorry - Live/2011/Medley,6,False
Taylor Swift,Speak Now World Tour Live,2010-10-25,Better Than Revenge - Live/2011,7,False
Taylor Swift,Speak Now World Tour Live,2010-10-25,Speak Now - Live/2011,8,False
Taylor Swift,Speak Now World Tour Live,2010-10-25,Last Kiss - Live/2011,9,False
Taylor Swift,Speak Now World Tour Live,2010-10-25,Drops Of Jupiter - Live/2011,10,False
Taylor Swift,Speak Now World Tour Live,2010-10-25,Bette Davis Eyes - Live/2011,11,False
Taylor Swift,Speak Now World Tour Live,2010-10-25,I Want You Back - Live/2011,12,False
Taylor Swift,Speak Now World Tour Live,2010-10-25,Dear John - Live/2011,13,False
Taylor Swift,Speak Now World Tour Live,2010-10-25,Enchanted - Live/2011,14,False
Taylor Swift,Speak Now World Tour Live,2010-10-25,Haunted - Live/2011,15,False
Taylor Swift,Speak Now World Tour Live,2010-10-25,Long Live - Live/2011,16,False
Taylor Swift,Speak Now,2010-10-25,Mine - POP Mix,1,False
Taylor Swift,Speak Now,2010-10-25,Sparks Fly,2,False
Taylor Swift,Speak Now,2010-10-25,Back To December,3,False
Taylor Swift,Speak Now,2010-10-25,Speak Now,4,False
Taylor Swift,Speak Now,2010-10-25,Dear John,5,False
Taylor Swift,Speak Now,2010-10-25,Mean,6,False
Taylor Swift,Speak Now,2010-10-25,The Story Of Us,7,False
Taylor Swift,Speak Now,2010-10-25,Never Grow Up,8,False
Taylor Swift,Speak Now,2010-10-25,Enchanted,9,False
Taylor Swift,Speak Now,2010-10-25,Better Than Revenge,10,False
Taylor Swift,Speak Now,2010-10-25,Innocent,11,False
Taylor Swift,Speak Now,2010-10-25,Haunted,12,False
Taylor Swift,Speak Now,2010-10-25,Last Kiss,13,False
Taylor Swift,Speak Now,2010-10-25,Long Live,14,False
Taylor Swift,Speak Now (Deluxe Package),2010-01-01,Mine - POP Mix,1,False
Taylor Swift,Speak Now (Deluxe Package),2010-01-01,Sparks Fly,2,False
Taylor Swift,Speak Now (Deluxe Package),2010-01-01,Back To December,3,False
Taylor Swift,Speak Now (Deluxe Package),2010-01-01,Speak Now,4,False
Taylor Swift,Speak Now (Deluxe Package),2010-01-01,Dear John,5,False
Taylor Swift,Speak Now (Deluxe Package),2010-01-01,Mean,6,False
Taylor Swift,Speak Now (Deluxe Package),2010-01-01,The Story Of Us,7,False
Taylor Swift,Speak Now (Deluxe Package),2010-01-01,Never Grow Up,8,False
Taylor Swift,Speak Now (Deluxe Package),2010-01-01,Enchanted,9,False
Taylor Swift,Speak Now (Deluxe Package),2010-01-01,Better Than Revenge,10,False
Taylor Swift,Speak Now (Deluxe Package),2010-01-01,Innocent,11,False
Taylor Swift,Speak Now (Deluxe Package),2010-01-01,Haunted,12,False
Taylor Swift,Speak Now (Deluxe Package),2010-01-01,Last Kiss,13,False
Taylor Swift,Speak Now (Deluxe Package),2010-01-01,Long Live,14,False
Taylor Swift,Speak Now (Deluxe Package),2010-01-01,Ours,15,False
Taylor Swift,Speak Now (Deluxe Package),2010-01-01,If This Was A Movie,16,False
Taylor Swift,Speak Now (Deluxe Package),2010-01-01,Superman,17,False
Taylor Swift,Speak Now (Deluxe Package),2010-01-01,Back To December - Acoustic,18,False
Taylor Swift,Speak Now (Deluxe Package),2010-01-01,Haunted - Acoustic Version,19,False
Taylor Swift,Speak Now (Deluxe Package),2010-01-01,Mine,20,False
Taylor Swift,Speak Now (Deluxe Package),2010-01-01,Back To December,21,False
Taylor Swift,Speak Now (Deluxe Package),2010-01-01,The Story Of Us,22,False
Taylor Swift,Fearless (Platinum Edition),2008-11-11,Jump Then Fall,1,False
Taylor Swift,Fearless (Platinum Edition),2008-11-11,Untouchable,2,False
Taylor Swift,Fearless (Platinum Edition),2008-11-11,Forever & Always - Piano Version,3,False
Taylor Swift,Fearless (Platinum Edition),2008-11-11,Come In With The Rain,4,False
Taylor Swift,Fearless (Platinum Edition),2008-11-11,SuperStar,5,False
Taylor Swift,Fearless (Platinum Edition),2008-11-11,The Other Side Of The Door,6,False
Taylor Swift,Fearless (Platinum Edition),2008-11-11,Fearless,7,False
Taylor Swift,Fearless (Platinum Edition),2008-11-11,Fifteen,8,False
Taylor Swift,Fearless (Platinum Edition),2008-11-11,Love Story,9,False
Taylor Swift,Fearless (Platinum Edition),2008-11-11,Hey Stephen,10,False
Taylor Swift,Fearless (Platinum Edition),2008-11-11,White Horse,11,False
Taylor Swift,Fearless (Platinum Edition),2008-11-11,You Belong With Me,12,False
"Taylor Swift, Colbie Caillat",Fearless (Platinum Edition),2008-11-11,Breathe,13,False
Taylor Swift,Fearless (Platinum Edition),2008-11-11,Tell Me Why,14,False
Taylor Swift,Fearless (Platinum Edition),2008-11-11,You're Not Sorry,15,False
Taylor Swift,Fearless (Platinum Edition),2008-11-11,The Way I Loved You,16,False
Taylor Swift,Fearless (Platinum Edition),2008-11-11,Forever & Always,17,False
Taylor Swift,Fearless (Platinum Edition),2008-11-11,The Best Day,18,False
Taylor Swift,Fearless (Platinum Edition),2008-11-11,Change,19,False
Taylor Swift,Fearless (International Version),2008-11-11,Fearless,1,False
Taylor Swift,Fearless (International Version),2008-11-11,Fifteen,2,False
Taylor Swift,Fearless (International Version),2008-11-11,Love Story,3,False
Taylor Swift,Fearless (International Version),2008-11-11,Hey Stephen,4,False
Taylor Swift,Fearless (International Version),2008-11-11,White Horse,5,False
Taylor Swift,Fearless (International Version),2008-11-11,You Belong With Me,6,False
"Taylor Swift, Colbie Caillat",Fearless (International Version),2008-11-11,Breathe,7,False
Taylor Swift,Fearless (International Version),2008-11-11,Tell Me Why,8,False
Taylor Swift,Fearless (International Version),2008-11-11,You're Not Sorry,9,False
Taylor Swift,Fearless (International Version),2008-11-11,The Way I Loved You,10,False
Taylor Swift,Fearless (International Version),2008-11-11,Forever & Always,11,False
Taylor Swift,Fearless (International Version),2008-11-11,The Best Day,12,False
Taylor Swift,Fearless (International Version),2008-11-11,Change,13,False
Taylor Swift,Fearless (International Version),2008-11-11,Our Song - International Mix,14,False
Taylor Swift,Fearless (International Version),2008-11-11,Teardrops On My Guitar - International Mix,15,False
Taylor Swift,Fearless (International Version),2008-11-11,Should've Said No - International Mix,16,False
Taylor Swift,Live From Clear Channel Stripped 2008,2008-06-28,Love Story - Live From Clear Channel Stripped 2008,1,False
Taylor Swift,Live From Clear Channel Stripped 2008,2008-06-28,Fearless - Live From Clear Channel Stripped 2008,2,False
Taylor Swift,Live From Clear Channel Stripped 2008,2008-06-28,Beautiful Eyes - Live From Clear Channel Stripped 2008,3,False
Taylor Swift,Live From Clear Channel Stripped 2008,2008-06-28,Untouchable - Live From Clear Channel Stripped 2008,4,False
Taylor Swift,Live From Clear Channel Stripped 2008,2008-06-28,Teardrops On My Guitar - Live From Clear Channel Stripped 2008,5,False
Taylor Swift,Live From Clear Channel Stripped 2008,2008-06-28,Picture To Burn - Live From Clear Channel Stripped 2008,6,False
Taylor Swift,Live From Clear Channel Stripped 2008,2008-06-28,Should've Said No - Live From Clear Channel Stripped 2008,7,False
Taylor Swift,Live From Clear Channel Stripped 2008,2008-06-28,Change - Live From Clear Channel Stripped 2008,8,False
Taylor Swift,Taylor Swift (Deluxe Edition),2006-10-24,Tim McGraw,1,False
Taylor Swift,Taylor Swift (Deluxe Edition),2006-10-24,Picture To Burn,2,False
Taylor Swift,Taylor Swift (Deluxe Edition),2006-10-24,Teardrops On My Guitar - Radio Single Remix,3,False
Taylor Swift,Taylor Swift (Deluxe Edition),2006-10-24,A Place in this World,4,False
Taylor Swift,Taylor Swift (Deluxe Edition),2006-10-24,Cold As You,5,False
Taylor Swift,Taylor Swift (Deluxe Edition),2006-10-24,The Outside,6,False
Taylor Swift,Taylor Swift (Deluxe Edition),2006-10-24,Tied Together with a Smile,7,False
Taylor Swift,Taylor Swift (Deluxe Edition),2006-10-24,Stay Beautiful,8,False
Taylor Swift,Taylor Swift (Deluxe Edition),2006-10-24,Should've Said No,9,False
Taylor Swift,Taylor Swift (Deluxe Edition),2006-10-24,Mary's Song (Oh My My My),10,False
Taylor Swift,Taylor Swift (Deluxe Edition),2006-10-24,Our Song,11,False
Taylor Swift,Taylor Swift (Deluxe Edition),2006-10-24,I'm Only Me When I'm With You,12,False
Taylor Swift,Taylor Swift (Deluxe Edition),2006-10-24,Invisible,13,False
Taylor Swift,Taylor Swift (Deluxe Edition),2006-10-24,A Perfectly Good Heart,14,False
Taylor Swift,Taylor Swift (Deluxe Edition),2006-10-24,Teardrops on My Guitar - Pop Version,15,False
